{
	"name": "CalendarQuarter_CalendarDate_fbc02378dba6f40d149f00b979f166b481b0bd0fabc5e35748c29aa370499e85",
	"properties": {
		"Namespace": {
			"DatabaseName": "tcsSource"
		},
		"Name": "CalendarQuarter_CalendarDate_fbc02378dba6f40d149f00b979f166b481b0bd0fabc5e35748c29aa370499e85",
		"EntityType": "RELATIONSHIP",
		"Origin": {
			"Type": "SPARK"
		},
		"FromTableName": "CalendarQuarter",
		"ToTableName": "CalendarDate",
		"ColumnRelationshipInformations": [
			{
				"FromColumnName": "CalendarId",
				"ToColumnName": "CalendarId"
			},
			{
				"FromColumnName": "CalendarQuarterId",
				"ToColumnName": "CalendarQuarterId"
			}
		],
		"RelationshipType": 0,
		"Properties": {
			"DerivedModelRelationshipInfo": "{\"baseRelationship\":{\"fromEntity\":\"CalendarQuarter.cdm.json/CalendarQuarter\",\"toEntity\":\"CalendarDate.cdm.json/CalendarDate\",\"joinPairs\":[{\"fromAttribute\":\"CalendarId\",\"toAttribute\":\"CalendarId\"},{\"fromAttribute\":\"CalendarQuarterId\",\"toAttribute\":\"CalendarQuarterId\"}]}}"
		}
	},
	"type": "RELATIONSHIP"
}