{
	"name": "CalendarYear_CalendarPeriod_e17f2be84fd2f6049f1f80568146c3f0505984b5f3e8edea72527adb19f150b9",
	"properties": {
		"Namespace": {
			"DatabaseName": "tcsSource"
		},
		"Name": "CalendarYear_CalendarPeriod_e17f2be84fd2f6049f1f80568146c3f0505984b5f3e8edea72527adb19f150b9",
		"EntityType": "RELATIONSHIP",
		"Origin": {
			"Type": "SPARK"
		},
		"FromTableName": "CalendarYear",
		"ToTableName": "CalendarPeriod",
		"ColumnRelationshipInformations": [
			{
				"FromColumnName": "CalendarId",
				"ToColumnName": "CalendarId"
			},
			{
				"FromColumnName": "CalendarYearId",
				"ToColumnName": "CalendarYearId"
			}
		],
		"RelationshipType": 0,
		"Properties": {
			"DerivedModelRelationshipInfo": "{\"baseRelationship\":{\"fromEntity\":\"CalendarYear.cdm.json/CalendarYear\",\"toEntity\":\"CalendarPeriod.cdm.json/CalendarPeriod\",\"joinPairs\":[{\"fromAttribute\":\"CalendarId\",\"toAttribute\":\"CalendarId\"},{\"fromAttribute\":\"CalendarYearId\",\"toAttribute\":\"CalendarYearId\"}]}}"
		}
	},
	"type": "RELATIONSHIP"
}