{
	"name": "relationship-jzicaejznf",
	"properties": {
		"Namespace": {
			"DatabaseName": "tcsSource"
		},
		"Name": "relationship-jzicaejznf",
		"EntityType": "RELATIONSHIP",
		"Origin": {
			"Type": "SPARK"
		},
		"FromTableName": "Party",
		"ToTableName": "Store",
		"ColumnRelationshipInformations": [
			{
				"FromColumnName": "PartyId",
				"ToColumnName": "StorePartyId"
			}
		],
		"RelationshipType": 0,
		"Properties": {
			"DerivedModelRelationshipInfo": "{\"baseRelationship\":{\"fromEntity\":\"Party.cdm.json/Party\",\"toEntity\":\"Store.cdm.json/Store\",\"joinPairs\":[{\"fromAttribute\":\"PartyId\",\"toAttribute\":\"StorePartyId\"}]}}"
		}
	},
	"type": "RELATIONSHIP"
}