{
	"name": "relationship-mvvbdrzptb",
	"properties": {
		"Namespace": {
			"DatabaseName": "tcsSource"
		},
		"Name": "relationship-mvvbdrzptb",
		"EntityType": "RELATIONSHIP",
		"Origin": {
			"Type": "SPARK"
		},
		"FromTableName": "Channel",
		"ToTableName": "Store",
		"ColumnRelationshipInformations": [
			{
				"FromColumnName": "ChannelId",
				"ToColumnName": "ChannelId"
			}
		],
		"RelationshipType": 0,
		"Properties": {
			"DerivedModelRelationshipInfo": "{\"baseRelationship\":{\"fromEntity\":\"Channel.cdm.json/Channel\",\"toEntity\":\"Store.cdm.json/Store\",\"joinPairs\":[{\"fromAttribute\":\"ChannelId\",\"toAttribute\":\"ChannelId\"}]}}"
		}
	},
	"type": "RELATIONSHIP"
}