{
	"name": "relationship-vrzomvewdk",
	"properties": {
		"Namespace": {
			"DatabaseName": "tcsSource"
		},
		"Name": "relationship-vrzomvewdk",
		"EntityType": "RELATIONSHIP",
		"Origin": {
			"Type": "SPARK"
		},
		"FromTableName": "Store",
		"ToTableName": "StoreIndicator",
		"ColumnRelationshipInformations": [
			{
				"FromColumnName": "StoreId",
				"ToColumnName": "StoreId"
			}
		],
		"RelationshipType": 0,
		"Properties": {
			"DerivedModelRelationshipInfo": "{\"baseRelationship\":{\"fromEntity\":\"Store.cdm.json/Store\",\"toEntity\":\"StoreIndicator.cdm.json/StoreIndicator\",\"joinPairs\":[{\"fromAttribute\":\"StoreId\",\"toAttribute\":\"StoreId\"}]}}"
		}
	},
	"type": "RELATIONSHIP"
}