{
	"name": "relationship-rsqungaaad",
	"properties": {
		"Namespace": {
			"DatabaseName": "tcsSource"
		},
		"Name": "relationship-rsqungaaad",
		"EntityType": "RELATIONSHIP",
		"Origin": {
			"Type": "SPARK"
		},
		"FromTableName": "LocationType",
		"ToTableName": "StoreLocation",
		"ColumnRelationshipInformations": [
			{
				"FromColumnName": "LocationTypeId",
				"ToColumnName": "LocationTypeId"
			}
		],
		"RelationshipType": 0,
		"Properties": {
			"DerivedModelRelationshipInfo": "{\"baseRelationship\":{\"fromEntity\":\"LocationType.cdm.json/LocationType\",\"toEntity\":\"StoreLocation.cdm.json/StoreLocation\",\"joinPairs\":[{\"fromAttribute\":\"LocationTypeId\",\"toAttribute\":\"LocationTypeId\"}]}}"
		}
	},
	"type": "RELATIONSHIP"
}