{
	"name": "relationship-oghytsqilc",
	"properties": {
		"Namespace": {
			"DatabaseName": "tcsSource"
		},
		"Name": "relationship-oghytsqilc",
		"EntityType": "RELATIONSHIP",
		"Origin": {
			"Type": "SPARK"
		},
		"FromTableName": "Item",
		"ToTableName": "Promotion",
		"ColumnRelationshipInformations": [
			{
				"FromColumnName": "ItemSku",
				"ToColumnName": "ItemSku"
			}
		],
		"RelationshipType": 0,
		"Properties": {
			"DerivedModelRelationshipInfo": "{\"baseRelationship\":{\"fromEntity\":\"Item.cdm.json/Item\",\"toEntity\":\"Promotion.cdm.json/Promotion\",\"joinPairs\":[{\"fromAttribute\":\"ItemSku\",\"toAttribute\":\"ItemSku\"}]}}"
		}
	},
	"type": "RELATIONSHIP"
}