{
	"name": "relationship-vbxtrbmpow",
	"properties": {
		"Namespace": {
			"DatabaseName": "tcsSource"
		},
		"Name": "relationship-vbxtrbmpow",
		"EntityType": "RELATIONSHIP",
		"Origin": {
			"Type": "SPARK"
		},
		"FromTableName": "AdvertisingEvent",
		"ToTableName": "MarketingEvent",
		"ColumnRelationshipInformations": [
			{
				"FromColumnName": "AdvertisingEventId",
				"ToColumnName": "AdvertisingEventId"
			}
		],
		"RelationshipType": 0,
		"Properties": {
			"DerivedModelRelationshipInfo": "{\"baseRelationship\":{\"fromEntity\":\"AdvertisingEvent.cdm.json/AdvertisingEvent\",\"toEntity\":\"MarketingEvent.cdm.json/MarketingEvent\",\"joinPairs\":[{\"fromAttribute\":\"AdvertisingEventId\",\"toAttribute\":\"AdvertisingEventId\"}]}}"
		}
	},
	"type": "RELATIONSHIP"
}