{
	"name": "relationship-kfawnsxupr",
	"properties": {
		"Namespace": {
			"DatabaseName": "tcsSource"
		},
		"Name": "relationship-kfawnsxupr",
		"EntityType": "RELATIONSHIP",
		"Origin": {
			"Type": "SPARK"
		},
		"FromTableName": "PriceListType",
		"ToTableName": "StoreProductPriceList",
		"ColumnRelationshipInformations": [
			{
				"FromColumnName": "PriceListTypeId",
				"ToColumnName": "PriceListTypeId"
			}
		],
		"RelationshipType": 0,
		"Properties": {
			"DerivedModelRelationshipInfo": "{\"baseRelationship\":{\"fromEntity\":\"PriceListType.cdm.json/PriceListType\",\"toEntity\":\"StoreProductPriceList.cdm.json/StoreProductPriceList\",\"joinPairs\":[{\"fromAttribute\":\"PriceListTypeId\",\"toAttribute\":\"PriceListTypeId\"}]}}"
		}
	},
	"type": "RELATIONSHIP"
}