{
	"name": "relationship-fmttahiazu",
	"properties": {
		"Namespace": {
			"DatabaseName": "tcsSource"
		},
		"Name": "relationship-fmttahiazu",
		"EntityType": "RELATIONSHIP",
		"Origin": {
			"Type": "SPARK"
		},
		"FromTableName": "Channel",
		"ToTableName": "TransactionLineItem",
		"ColumnRelationshipInformations": [
			{
				"FromColumnName": "ChannelId",
				"ToColumnName": "SalesChannelId"
			}
		],
		"RelationshipType": 0,
		"Properties": {
			"DerivedModelRelationshipInfo": "{\"baseRelationship\":{\"fromEntity\":\"Channel.cdm.json/Channel\",\"toEntity\":\"TransactionLineItem.cdm.json/TransactionLineItem\",\"joinPairs\":[{\"fromAttribute\":\"ChannelId\",\"toAttribute\":\"SalesChannelId\"}]}}"
		}
	},
	"type": "RELATIONSHIP"
}