{
	"name": "relationship-ydnmrdulyb",
	"properties": {
		"Namespace": {
			"DatabaseName": "tcsSource"
		},
		"Name": "relationship-ydnmrdulyb",
		"EntityType": "RELATIONSHIP",
		"Origin": {
			"Type": "SPARK"
		},
		"FromTableName": "Party",
		"ToTableName": "ProductGroup",
		"ColumnRelationshipInformations": [
			{
				"FromColumnName": "PartyId",
				"ToColumnName": "ClassificationAgencyPartyId"
			}
		],
		"RelationshipType": 0,
		"Properties": {
			"DerivedModelRelationshipInfo": "{\"baseRelationship\":{\"fromEntity\":\"Party.cdm.json/Party\",\"toEntity\":\"ProductGroup.cdm.json/ProductGroup\",\"joinPairs\":[{\"fromAttribute\":\"PartyId\",\"toAttribute\":\"ClassificationAgencyPartyId\"}]}}"
		}
	},
	"type": "RELATIONSHIP"
}