{
	"name": "relationship-lhnzbkrrpi",
	"properties": {
		"Namespace": {
			"DatabaseName": "tcsSource"
		},
		"Name": "relationship-lhnzbkrrpi",
		"EntityType": "RELATIONSHIP",
		"Origin": {
			"Type": "SPARK"
		},
		"FromTableName": "Channel",
		"ToTableName": "Transaction",
		"ColumnRelationshipInformations": [
			{
				"FromColumnName": "ChannelId",
				"ToColumnName": "DistributionChannelId"
			}
		],
		"RelationshipType": 0,
		"Properties": {
			"DerivedModelRelationshipInfo": "{\"baseRelationship\":{\"fromEntity\":\"Channel.cdm.json/Channel\",\"toEntity\":\"Transaction.cdm.json/Transaction\",\"joinPairs\":[{\"fromAttribute\":\"ChannelId\",\"toAttribute\":\"DistributionChannelId\"}]}}"
		}
	},
	"type": "RELATIONSHIP"
}