{
	"name": "relationship-naklvmnvtg",
	"properties": {
		"Namespace": {
			"DatabaseName": "tcsSource"
		},
		"Name": "relationship-naklvmnvtg",
		"EntityType": "RELATIONSHIP",
		"Origin": {
			"Type": "SPARK"
		},
		"FromTableName": "Territory",
		"ToTableName": "Store",
		"ColumnRelationshipInformations": [
			{
				"FromColumnName": "TerritoryId",
				"ToColumnName": "TerritoryId"
			}
		],
		"RelationshipType": 0,
		"Properties": {
			"DerivedModelRelationshipInfo": "{\"baseRelationship\":{\"fromEntity\":\"Territory.cdm.json/Territory\",\"toEntity\":\"Store.cdm.json/Store\",\"joinPairs\":[{\"fromAttribute\":\"TerritoryId\",\"toAttribute\":\"TerritoryId\"}]}}"
		}
	},
	"type": "RELATIONSHIP"
}