{
	"name": "relationship-sddlckgqkm",
	"properties": {
		"Namespace": {
			"DatabaseName": "tcsSource"
		},
		"Name": "relationship-sddlckgqkm",
		"EntityType": "RELATIONSHIP",
		"Origin": {
			"Type": "SPARK"
		},
		"FromTableName": "Location",
		"ToTableName": "TransactionLineItem",
		"ColumnRelationshipInformations": [
			{
				"FromColumnName": "LocationId",
				"ToColumnName": "ShippingLocationId"
			}
		],
		"RelationshipType": 0,
		"Properties": {
			"DerivedModelRelationshipInfo": "{\"baseRelationship\":{\"fromEntity\":\"Location.cdm.json/Location\",\"toEntity\":\"TransactionLineItem.cdm.json/TransactionLineItem\",\"joinPairs\":[{\"fromAttribute\":\"LocationId\",\"toAttribute\":\"ShippingLocationId\"}]}}"
		}
	},
	"type": "RELATIONSHIP"
}