{
	"name": "relationship-qfklknphld",
	"properties": {
		"Namespace": {
			"DatabaseName": "tcsSource"
		},
		"Name": "relationship-qfklknphld",
		"EntityType": "RELATIONSHIP",
		"Origin": {
			"Type": "SPARK"
		},
		"FromTableName": "Party",
		"ToTableName": "Brand",
		"ColumnRelationshipInformations": [
			{
				"FromColumnName": "PartyId",
				"ToColumnName": "BrandOwningPartyId"
			}
		],
		"RelationshipType": 0,
		"Properties": {
			"DerivedModelRelationshipInfo": "{\"baseRelationship\":{\"fromEntity\":\"Party.cdm.json/Party\",\"toEntity\":\"Brand.cdm.json/Brand\",\"joinPairs\":[{\"fromAttribute\":\"PartyId\",\"toAttribute\":\"BrandOwningPartyId\"}]}}"
		}
	},
	"type": "RELATIONSHIP"
}