{
	"name": "relationship-oxtplvmjrm",
	"properties": {
		"Namespace": {
			"DatabaseName": "tcsSource"
		},
		"Name": "relationship-oxtplvmjrm",
		"EntityType": "RELATIONSHIP",
		"Origin": {
			"Type": "SPARK"
		},
		"FromTableName": "Transaction",
		"ToTableName": "TransactionLineItem",
		"ColumnRelationshipInformations": [
			{
				"FromColumnName": "TransactionId",
				"ToColumnName": "TransactionId"
			}
		],
		"RelationshipType": 0,
		"Properties": {
			"DerivedModelRelationshipInfo": "{\"baseRelationship\":{\"fromEntity\":\"Transaction.cdm.json/Transaction\",\"toEntity\":\"TransactionLineItem.cdm.json/TransactionLineItem\",\"joinPairs\":[{\"fromAttribute\":\"TransactionId\",\"toAttribute\":\"TransactionId\"}]}}"
		}
	},
	"type": "RELATIONSHIP"
}