{
	"name": "relationship-cxeeptjygl",
	"properties": {
		"Namespace": {
			"DatabaseName": "tcsSource"
		},
		"Name": "relationship-cxeeptjygl",
		"EntityType": "RELATIONSHIP",
		"Origin": {
			"Type": "SPARK"
		},
		"FromTableName": "StoreGroup",
		"ToTableName": "StoreGroupStore",
		"ColumnRelationshipInformations": [
			{
				"FromColumnName": "StoreGroupId",
				"ToColumnName": "StoreGroupId"
			}
		],
		"RelationshipType": 0,
		"Properties": {
			"DerivedModelRelationshipInfo": "{\"baseRelationship\":{\"fromEntity\":\"StoreGroup.cdm.json/StoreGroup\",\"toEntity\":\"StoreGroupStore.cdm.json/StoreGroupStore\",\"joinPairs\":[{\"fromAttribute\":\"StoreGroupId\",\"toAttribute\":\"StoreGroupId\"}]}}"
		}
	},
	"type": "RELATIONSHIP"
}