{
	"name": "relationship-afqnplpdce",
	"properties": {
		"Namespace": {
			"DatabaseName": "tcsSource"
		},
		"Name": "relationship-afqnplpdce",
		"EntityType": "RELATIONSHIP",
		"Origin": {
			"Type": "SPARK"
		},
		"FromTableName": "Brand",
		"ToTableName": "AdvertisingCampaign",
		"ColumnRelationshipInformations": [
			{
				"FromColumnName": "BrandId",
				"ToColumnName": "BrandId"
			}
		],
		"RelationshipType": 0,
		"Properties": {
			"DerivedModelRelationshipInfo": "{\"baseRelationship\":{\"fromEntity\":\"Brand.cdm.json/Brand\",\"toEntity\":\"AdvertisingCampaign.cdm.json/AdvertisingCampaign\",\"joinPairs\":[{\"fromAttribute\":\"BrandId\",\"toAttribute\":\"BrandId\"}]}}"
		}
	},
	"type": "RELATIONSHIP"
}