{
	"name": "relationship-eacwkmxgmb",
	"properties": {
		"Namespace": {
			"DatabaseName": "tcsSource"
		},
		"Name": "relationship-eacwkmxgmb",
		"EntityType": "RELATIONSHIP",
		"Origin": {
			"Type": "SPARK"
		},
		"FromTableName": "MarketingEvent",
		"ToTableName": "Transaction",
		"ColumnRelationshipInformations": [
			{
				"FromColumnName": "MarketingEventId",
				"ToColumnName": "MarketingEventId"
			}
		],
		"RelationshipType": 0,
		"Properties": {
			"DerivedModelRelationshipInfo": "{\"baseRelationship\":{\"fromEntity\":\"MarketingEvent.cdm.json/MarketingEvent\",\"toEntity\":\"Transaction.cdm.json/Transaction\",\"joinPairs\":[{\"fromAttribute\":\"MarketingEventId\",\"toAttribute\":\"MarketingEventId\"}]}}"
		}
	},
	"type": "RELATIONSHIP"
}