{
	"name": "relationship-dleydrmjnt",
	"properties": {
		"Namespace": {
			"DatabaseName": "tcsSource"
		},
		"Name": "relationship-dleydrmjnt",
		"EntityType": "RELATIONSHIP",
		"Origin": {
			"Type": "SPARK"
		},
		"FromTableName": "UnitOfMeasure",
		"ToTableName": "Item",
		"ColumnRelationshipInformations": [
			{
				"FromColumnName": "UnitOfMeasureId",
				"ToColumnName": "LwhUomId"
			}
		],
		"RelationshipType": 0,
		"Properties": {
			"DerivedModelRelationshipInfo": "{\"baseRelationship\":{\"fromEntity\":\"UnitOfMeasure.cdm.json/UnitOfMeasure\",\"toEntity\":\"Item.cdm.json/Item\",\"joinPairs\":[{\"fromAttribute\":\"UnitOfMeasureId\",\"toAttribute\":\"LwhUomId\"}]}}"
		}
	},
	"type": "RELATIONSHIP"
}