{
	"name": "relationship-zqtwildipn",
	"properties": {
		"Namespace": {
			"DatabaseName": "tcsSource"
		},
		"Name": "relationship-zqtwildipn",
		"EntityType": "RELATIONSHIP",
		"Origin": {
			"Type": "SPARK"
		},
		"FromTableName": "ProductGroup",
		"ToTableName": "ProductGroupProduct",
		"ColumnRelationshipInformations": [
			{
				"FromColumnName": "ProductGroupId",
				"ToColumnName": "ProductGroupId"
			}
		],
		"RelationshipType": 0,
		"Properties": {
			"DerivedModelRelationshipInfo": "{\"baseRelationship\":{\"fromEntity\":\"ProductGroup.cdm.json/ProductGroup\",\"toEntity\":\"ProductGroupProduct.cdm.json/ProductGroupProduct\",\"joinPairs\":[{\"fromAttribute\":\"ProductGroupId\",\"toAttribute\":\"ProductGroupId\"}]}}"
		}
	},
	"type": "RELATIONSHIP"
}