{
	"name": "relationship-zkhgzxigjt",
	"properties": {
		"Namespace": {
			"DatabaseName": "tcsSource"
		},
		"Name": "relationship-zkhgzxigjt",
		"EntityType": "RELATIONSHIP",
		"Origin": {
			"Type": "SPARK"
		},
		"FromTableName": "CountrySubdivision",
		"ToTableName": "Location",
		"ColumnRelationshipInformations": [
			{
				"FromColumnName": "SubdivisionId",
				"ToColumnName": "SubdivisionId"
			}
		],
		"RelationshipType": 0,
		"Properties": {
			"DerivedModelRelationshipInfo": "{\"baseRelationship\":{\"fromEntity\":\"CountrySubdivision.cdm.json/CountrySubdivision\",\"toEntity\":\"Location.cdm.json/Location\",\"joinPairs\":[{\"fromAttribute\":\"SubdivisionId\",\"toAttribute\":\"SubdivisionId\"}]}}"
		}
	},
	"type": "RELATIONSHIP"
}