{
	"name": "relationship-ikxklnistm",
	"properties": {
		"Namespace": {
			"DatabaseName": "tcsSource"
		},
		"Name": "relationship-ikxklnistm",
		"EntityType": "RELATIONSHIP",
		"Origin": {
			"Type": "SPARK"
		},
		"FromTableName": "UnitOfMeasure",
		"ToTableName": "ProductPriceList",
		"ColumnRelationshipInformations": [
			{
				"FromColumnName": "UnitOfMeasureId",
				"ToColumnName": "PricingUomId"
			}
		],
		"RelationshipType": 0,
		"Properties": {
			"DerivedModelRelationshipInfo": "{\"baseRelationship\":{\"fromEntity\":\"UnitOfMeasure.cdm.json/UnitOfMeasure\",\"toEntity\":\"ProductPriceList.cdm.json/ProductPriceList\",\"joinPairs\":[{\"fromAttribute\":\"UnitOfMeasureId\",\"toAttribute\":\"PricingUomId\"}]}}"
		}
	},
	"type": "RELATIONSHIP"
}