{
	"name": "relationship-ksifzoccay",
	"properties": {
		"Namespace": {
			"DatabaseName": "tcsSource"
		},
		"Name": "relationship-ksifzoccay",
		"EntityType": "RELATIONSHIP",
		"Origin": {
			"Type": "SPARK"
		},
		"FromTableName": "Party",
		"ToTableName": "PriceListType",
		"ColumnRelationshipInformations": [
			{
				"FromColumnName": "PartyId",
				"ToColumnName": "PriceListForPartyId"
			}
		],
		"RelationshipType": 0,
		"Properties": {
			"DerivedModelRelationshipInfo": "{\"baseRelationship\":{\"fromEntity\":\"Party.cdm.json/Party\",\"toEntity\":\"PriceListType.cdm.json/PriceListType\",\"joinPairs\":[{\"fromAttribute\":\"PartyId\",\"toAttribute\":\"PriceListForPartyId\"}]}}"
		}
	},
	"type": "RELATIONSHIP"
}