{
	"name": "relationship-pimevvvjit",
	"properties": {
		"Namespace": {
			"DatabaseName": "tcsSource"
		},
		"Name": "relationship-pimevvvjit",
		"EntityType": "RELATIONSHIP",
		"Origin": {
			"Type": "SPARK"
		},
		"FromTableName": "UnitOfMeasure",
		"ToTableName": "Transaction",
		"ColumnRelationshipInformations": [
			{
				"FromColumnName": "UnitOfMeasureId",
				"ToColumnName": "UnitOfMeasureId"
			}
		],
		"RelationshipType": 0,
		"Properties": {
			"DerivedModelRelationshipInfo": "{\"baseRelationship\":{\"fromEntity\":\"UnitOfMeasure.cdm.json/UnitOfMeasure\",\"toEntity\":\"Transaction.cdm.json/Transaction\",\"joinPairs\":[{\"fromAttribute\":\"UnitOfMeasureId\",\"toAttribute\":\"UnitOfMeasureId\"}]}}"
		}
	},
	"type": "RELATIONSHIP"
}