{
	"name": "relationship-zaelhaqejx",
	"properties": {
		"Namespace": {
			"DatabaseName": "tcsSource"
		},
		"Name": "relationship-zaelhaqejx",
		"EntityType": "RELATIONSHIP",
		"Origin": {
			"Type": "SPARK"
		},
		"FromTableName": "ProductIndicatorType",
		"ToTableName": "ProductIndicator",
		"ColumnRelationshipInformations": [
			{
				"FromColumnName": "ProductIndicatorTypeId",
				"ToColumnName": "ProductIndicatorTypeId"
			}
		],
		"RelationshipType": 0,
		"Properties": {
			"DerivedModelRelationshipInfo": "{\"baseRelationship\":{\"fromEntity\":\"ProductIndicatorType.cdm.json/ProductIndicatorType\",\"toEntity\":\"ProductIndicator.cdm.json/ProductIndicator\",\"joinPairs\":[{\"fromAttribute\":\"ProductIndicatorTypeId\",\"toAttribute\":\"ProductIndicatorTypeId\"}]}}"
		}
	},
	"type": "RELATIONSHIP"
}