{
	"name": "relationship-alxzrncxfz",
	"properties": {
		"Namespace": {
			"DatabaseName": "tcsSource"
		},
		"Name": "relationship-alxzrncxfz",
		"EntityType": "RELATIONSHIP",
		"Origin": {
			"Type": "SPARK"
		},
		"FromTableName": "RetailProduct",
		"ToTableName": "StoreProductPriceList",
		"ColumnRelationshipInformations": [
			{
				"FromColumnName": "ProductId",
				"ToColumnName": "ProductId"
			}
		],
		"RelationshipType": 0,
		"Properties": {
			"DerivedModelRelationshipInfo": "{\"baseRelationship\":{\"fromEntity\":\"RetailProduct.cdm.json/RetailProduct\",\"toEntity\":\"StoreProductPriceList.cdm.json/StoreProductPriceList\",\"joinPairs\":[{\"fromAttribute\":\"ProductId\",\"toAttribute\":\"ProductId\"}]}}"
		}
	},
	"type": "RELATIONSHIP"
}