{
	"name": "relationship-xnzoxbbjwl",
	"properties": {
		"Namespace": {
			"DatabaseName": "tcsSource"
		},
		"Name": "relationship-xnzoxbbjwl",
		"EntityType": "RELATIONSHIP",
		"Origin": {
			"Type": "SPARK"
		},
		"FromTableName": "FuelPump",
		"ToTableName": "TransactionLineItem",
		"ColumnRelationshipInformations": [
			{
				"FromColumnName": "FuelPumpId",
				"ToColumnName": "FuelPumpId"
			}
		],
		"RelationshipType": 0,
		"Properties": {
			"DerivedModelRelationshipInfo": "{\"baseRelationship\":{\"fromEntity\":\"FuelPump.cdm.json/FuelPump\",\"toEntity\":\"TransactionLineItem.cdm.json/TransactionLineItem\",\"joinPairs\":[{\"fromAttribute\":\"FuelPumpId\",\"toAttribute\":\"FuelPumpId\"}]}}"
		}
	},
	"type": "RELATIONSHIP"
}