{
	"name": "relationship-sfaowgdrno",
	"properties": {
		"Namespace": {
			"DatabaseName": "tcsSource"
		},
		"Name": "relationship-sfaowgdrno",
		"EntityType": "RELATIONSHIP",
		"Origin": {
			"Type": "SPARK"
		},
		"FromTableName": "Location",
		"ToTableName": "Transaction",
		"ColumnRelationshipInformations": [
			{
				"FromColumnName": "LocationId",
				"ToColumnName": "ShipmentToLocationId"
			}
		],
		"RelationshipType": 0,
		"Properties": {
			"DerivedModelRelationshipInfo": "{\"baseRelationship\":{\"fromEntity\":\"Location.cdm.json/Location\",\"toEntity\":\"Transaction.cdm.json/Transaction\",\"joinPairs\":[{\"fromAttribute\":\"LocationId\",\"toAttribute\":\"ShipmentToLocationId\"}]}}"
		}
	},
	"type": "RELATIONSHIP"
}