{
	"name": "relationship-jxjjoxlvve",
	"properties": {
		"Namespace": {
			"DatabaseName": "tcsSource"
		},
		"Name": "relationship-jxjjoxlvve",
		"EntityType": "RELATIONSHIP",
		"Origin": {
			"Type": "SPARK"
		},
		"FromTableName": "StoreType",
		"ToTableName": "Store",
		"ColumnRelationshipInformations": [
			{
				"FromColumnName": "StoreTypeId",
				"ToColumnName": "StoreTypeId"
			}
		],
		"RelationshipType": 0,
		"Properties": {
			"DerivedModelRelationshipInfo": "{\"baseRelationship\":{\"fromEntity\":\"StoreType.cdm.json/StoreType\",\"toEntity\":\"Store.cdm.json/Store\",\"joinPairs\":[{\"fromAttribute\":\"StoreTypeId\",\"toAttribute\":\"StoreTypeId\"}]}}"
		}
	},
	"type": "RELATIONSHIP"
}