{
	"name": "relationship-ongtdtyrsm",
	"properties": {
		"Namespace": {
			"DatabaseName": "tcsSource"
		},
		"Name": "relationship-ongtdtyrsm",
		"EntityType": "RELATIONSHIP",
		"Origin": {
			"Type": "SPARK"
		},
		"FromTableName": "Promotion",
		"ToTableName": "Transaction",
		"ColumnRelationshipInformations": [
			{
				"FromColumnName": "PromotionId",
				"ToColumnName": "PromotionId"
			}
		],
		"RelationshipType": 0,
		"Properties": {
			"DerivedModelRelationshipInfo": "{\"baseRelationship\":{\"fromEntity\":\"Promotion.cdm.json/Promotion\",\"toEntity\":\"Transaction.cdm.json/Transaction\",\"joinPairs\":[{\"fromAttribute\":\"PromotionId\",\"toAttribute\":\"PromotionId\"}]}}"
		}
	},
	"type": "RELATIONSHIP"
}