{
	"name": "relationship-phnplobtwy",
	"properties": {
		"Namespace": {
			"DatabaseName": "tcsSource"
		},
		"Name": "relationship-phnplobtwy",
		"EntityType": "RELATIONSHIP",
		"Origin": {
			"Type": "SPARK"
		},
		"FromTableName": "Currency",
		"ToTableName": "Transaction",
		"ColumnRelationshipInformations": [
			{
				"FromColumnName": "IsoCurrencyCode",
				"ToColumnName": "IsoCurrencyCode"
			}
		],
		"RelationshipType": 0,
		"Properties": {
			"DerivedModelRelationshipInfo": "{\"baseRelationship\":{\"fromEntity\":\"Currency.cdm.json/Currency\",\"toEntity\":\"Transaction.cdm.json/Transaction\",\"joinPairs\":[{\"fromAttribute\":\"IsoCurrencyCode\",\"toAttribute\":\"IsoCurrencyCode\"}]}}"
		}
	},
	"type": "RELATIONSHIP"
}