{
	"name": "relationship-uuhugfgrwg",
	"properties": {
		"Namespace": {
			"DatabaseName": "tcsSource"
		},
		"Name": "relationship-uuhugfgrwg",
		"EntityType": "RELATIONSHIP",
		"Origin": {
			"Type": "SPARK"
		},
		"FromTableName": "AdvertisingCampaign",
		"ToTableName": "AdvertisingEvent",
		"ColumnRelationshipInformations": [
			{
				"FromColumnName": "AdvertisingCampaignId",
				"ToColumnName": "AdvertisingCampaignId"
			}
		],
		"RelationshipType": 0,
		"Properties": {
			"DerivedModelRelationshipInfo": "{\"baseRelationship\":{\"fromEntity\":\"AdvertisingCampaign.cdm.json/AdvertisingCampaign\",\"toEntity\":\"AdvertisingEvent.cdm.json/AdvertisingEvent\",\"joinPairs\":[{\"fromAttribute\":\"AdvertisingCampaignId\",\"toAttribute\":\"AdvertisingCampaignId\"}]}}"
		}
	},
	"type": "RELATIONSHIP"
}