{
	"name": "relationship-rqgyohksbk",
	"properties": {
		"Namespace": {
			"DatabaseName": "tcsSource"
		},
		"Name": "relationship-rqgyohksbk",
		"EntityType": "RELATIONSHIP",
		"Origin": {
			"Type": "SPARK"
		},
		"FromTableName": "Vendor",
		"ToTableName": "Item",
		"ColumnRelationshipInformations": [
			{
				"FromColumnName": "VendorId",
				"ToColumnName": "VendorId"
			}
		],
		"RelationshipType": 0,
		"Properties": {
			"DerivedModelRelationshipInfo": "{\"baseRelationship\":{\"fromEntity\":\"Vendor.cdm.json/Vendor\",\"toEntity\":\"Item.cdm.json/Item\",\"joinPairs\":[{\"fromAttribute\":\"VendorId\",\"toAttribute\":\"VendorId\"}]}}"
		}
	},
	"type": "RELATIONSHIP"
}