{
	"name": "TransactionLineItem_TransactionLineItem_915b159c2aeea7b726e409a90a78c33df0412d5d42c85c007dc67d2d488ef0c4",
	"properties": {
		"Namespace": {
			"DatabaseName": "tcsSource"
		},
		"Name": "TransactionLineItem_TransactionLineItem_915b159c2aeea7b726e409a90a78c33df0412d5d42c85c007dc67d2d488ef0c4",
		"EntityType": "RELATIONSHIP",
		"Origin": {
			"Type": "SPARK"
		},
		"FromTableName": "TransactionLineItem",
		"ToTableName": "TransactionLineItem",
		"ColumnRelationshipInformations": [
			{
				"FromColumnName": "TransactionId",
				"ToColumnName": "ReturnOfTransactionId"
			},
			{
				"FromColumnName": "TransactionLineItemId",
				"ToColumnName": "ReturnOfTransactionLineItemId"
			}
		],
		"RelationshipType": 0,
		"Properties": {
			"DerivedModelRelationshipInfo": "{\"baseRelationship\":{\"fromEntity\":\"TransactionLineItem.cdm.json/TransactionLineItem\",\"toEntity\":\"TransactionLineItem.cdm.json/TransactionLineItem\",\"joinPairs\":[{\"fromAttribute\":\"TransactionId\",\"toAttribute\":\"ReturnOfTransactionId\"},{\"fromAttribute\":\"TransactionLineItemId\",\"toAttribute\":\"ReturnOfTransactionLineItemId\"}]}}"
		}
	},
	"type": "RELATIONSHIP"
}