{
	"name": "AdvertisingCampaign",
	"properties": {
		"Namespace": {
			"DatabaseName": "tcsSource"
		},
		"Name": "AdvertisingCampaign",
		"Description": "A planned and coordinated execution of one or more Advertising Event(s) to achieve an overall set of objectives addressing product or message awareness.",
		"EntityType": "TABLE",
		"TableType": "EXTERNAL",
		"Origin": {
			"Type": "SPARK"
		},
		"StorageDescriptor": {
			"Columns": [
				{
					"Name": "AdvertisingCampaignId",
					"Description": "The unique identifier of an Advertising Campaign.",
					"BaseAttributeReference": {
						"Entity": "AdvertisingCampaign.cdm.json/AdvertisingCampaign",
						"Name": "AdvertisingCampaignId"
					},
					"OriginDataTypeName": {
						"TypeName": "integer",
						"IsComplexType": false,
						"IsNullable": false,
						"Properties": {
							"HIVE_TYPE_STRING": "integer"
						}
					}
				},
				{
					"Name": "AdvertisingCampaignName",
					"Description": "The name of the Advertising Campaign.",
					"BaseAttributeReference": {
						"Entity": "AdvertisingCampaign.cdm.json/AdvertisingCampaign",
						"Name": "AdvertisingCampaignName"
					},
					"OriginDataTypeName": {
						"TypeName": "string",
						"IsComplexType": false,
						"IsNullable": true,
						"Length": 128,
						"Properties": {
							"HIVE_TYPE_STRING": "string"
						}
					}
				},
				{
					"Name": "AdvertisingCampaignStartDate",
					"Description": "The date that the advertising campaign is planned to start.",
					"BaseAttributeReference": {
						"Entity": "AdvertisingCampaign.cdm.json/AdvertisingCampaign",
						"Name": "AdvertisingCampaignStartDate"
					},
					"OriginDataTypeName": {
						"TypeName": "date",
						"IsComplexType": false,
						"IsNullable": true,
						"Properties": {
							"DateFormat": "YYYY-MM-DD",
							"HIVE_TYPE_STRING": "date"
						}
					}
				},
				{
					"Name": "AdvertisingCampaignEndDate",
					"Description": "The date that the advertising campaign is planned to end.",
					"BaseAttributeReference": {
						"Entity": "AdvertisingCampaign.cdm.json/AdvertisingCampaign",
						"Name": "AdvertisingCampaignEndDate"
					},
					"OriginDataTypeName": {
						"TypeName": "date",
						"IsComplexType": false,
						"IsNullable": true,
						"Properties": {
							"DateFormat": "YYYY-MM-DD",
							"HIVE_TYPE_STRING": "date"
						}
					}
				},
				{
					"Name": "AdvertisingCampaignAppealStatement",
					"Description": "The Advertising Campaign selling message.",
					"BaseAttributeReference": {
						"Entity": "AdvertisingCampaign.cdm.json/AdvertisingCampaign",
						"Name": "AdvertisingCampaignAppealStatement"
					},
					"OriginDataTypeName": {
						"TypeName": "string",
						"IsComplexType": false,
						"IsNullable": true,
						"Length": 2048,
						"Properties": {
							"HIVE_TYPE_STRING": "string"
						}
					}
				},
				{
					"Name": "AdvertisingCampaignCreativeStrategyStatement",
					"Description": "An outline of what message should be conveyed, to whom, and with what tone. This provides the guiding principles for copywriters and art directors who are assigned to develop the advertisement.\n\n Within the context of that assignment, any ad that is then created should conform to that strategy. The written statement of creative strategy is sometimes called a \"copy platform.\"",
					"BaseAttributeReference": {
						"Entity": "AdvertisingCampaign.cdm.json/AdvertisingCampaign",
						"Name": "AdvertisingCampaignCreativeStrategyStatement"
					},
					"OriginDataTypeName": {
						"TypeName": "string",
						"IsComplexType": false,
						"IsNullable": true,
						"Length": 2048,
						"Properties": {
							"HIVE_TYPE_STRING": "string"
						}
					}
				},
				{
					"Name": "MediaObjectivesStatement",
					"Description": "A statement of the media goals or objectives of the advertising campaign.\n\nFor example, a specific level of a particular demographic group, season, timing, geography or budget.",
					"BaseAttributeReference": {
						"Entity": "AdvertisingCampaign.cdm.json/AdvertisingCampaign",
						"Name": "MediaObjectivesStatement"
					},
					"OriginDataTypeName": {
						"TypeName": "string",
						"IsComplexType": false,
						"IsNullable": true,
						"Length": 2048,
						"Properties": {
							"HIVE_TYPE_STRING": "string"
						}
					}
				},
				{
					"Name": "AgencyCommissionPercentage",
					"Description": "The agency's fee for designing and placing advertisements. \n\nHistorically, this was calculated as 15 percent of the amount spent to purchase space or time in the various media used for the advertising. In recent years the commission has, in many cases, become negotiable, and may even be based on some measure of the campaign's success.",
					"BaseAttributeReference": {
						"Entity": "AdvertisingCampaign.cdm.json/AdvertisingCampaign",
						"Name": "AgencyCommissionPercentage"
					},
					"OriginDataTypeName": {
						"TypeName": "decimal",
						"IsComplexType": false,
						"IsNullable": true,
						"Precision": 18,
						"Scale": 8,
						"Properties": {
							"HIVE_TYPE_STRING": "decimal"
						}
					}
				},
				{
					"Name": "PlannedTotalAdvertisingCampaignExpensesAmount",
					"Description": "The planned total advertising campaign expenses to be spent.",
					"BaseAttributeReference": {
						"Entity": "AdvertisingCampaign.cdm.json/AdvertisingCampaign",
						"Name": "PlannedTotalAdvertisingCampaignExpensesAmount"
					},
					"OriginDataTypeName": {
						"TypeName": "decimal",
						"IsComplexType": false,
						"IsNullable": true,
						"Precision": 18,
						"Scale": 2,
						"Properties": {
							"HIVE_TYPE_STRING": "decimal"
						}
					}
				},
				{
					"Name": "ActualTotalAdvertisingCampaignExpensesAmount",
					"Description": "The actual total advertising campaign expenses spent at the end of the advertising campaign.",
					"BaseAttributeReference": {
						"Entity": "AdvertisingCampaign.cdm.json/AdvertisingCampaign",
						"Name": "ActualTotalAdvertisingCampaignExpensesAmount"
					},
					"OriginDataTypeName": {
						"TypeName": "decimal",
						"IsComplexType": false,
						"IsNullable": true,
						"Precision": 18,
						"Scale": 2,
						"Properties": {
							"HIVE_TYPE_STRING": "decimal"
						}
					}
				},
				{
					"Name": "AdvertisingCategoryId",
					"Description": "The unique identifier of an Advertising Category.",
					"BaseAttributeReference": {
						"Entity": "AdvertisingCampaign.cdm.json/AdvertisingCampaign",
						"Name": "AdvertisingCategoryId"
					},
					"OriginDataTypeName": {
						"TypeName": "integer",
						"IsComplexType": false,
						"IsNullable": true,
						"Properties": {
							"HIVE_TYPE_STRING": "integer"
						}
					}
				},
				{
					"Name": "AgencyId",
					"Description": "The unique identifier of an Agency.",
					"BaseAttributeReference": {
						"Entity": "AdvertisingCampaign.cdm.json/AdvertisingCampaign",
						"Name": "AgencyId"
					},
					"OriginDataTypeName": {
						"TypeName": "integer",
						"IsComplexType": false,
						"IsNullable": true,
						"Properties": {
							"HIVE_TYPE_STRING": "integer"
						}
					}
				},
				{
					"Name": "MarketingCampaignId",
					"Description": "The unique identifier of a Marketing Campaign.",
					"BaseAttributeReference": {
						"Entity": "AdvertisingCampaign.cdm.json/AdvertisingCampaign",
						"Name": "MarketingCampaignId"
					},
					"OriginDataTypeName": {
						"TypeName": "integer",
						"IsComplexType": false,
						"IsNullable": true,
						"Properties": {
							"HIVE_TYPE_STRING": "integer"
						}
					}
				},
				{
					"Name": "ProductId",
					"Description": "The unique identifier of a Product.",
					"BaseAttributeReference": {
						"Entity": "AdvertisingCampaign.cdm.json/AdvertisingCampaign",
						"Name": "ProductId"
					},
					"OriginDataTypeName": {
						"TypeName": "long",
						"IsComplexType": false,
						"IsNullable": true,
						"Properties": {
							"HIVE_TYPE_STRING": "long"
						}
					}
				},
				{
					"Name": "BrandId",
					"Description": "The unique identifier of a Brand.",
					"BaseAttributeReference": {
						"Entity": "AdvertisingCampaign.cdm.json/AdvertisingCampaign",
						"Name": "BrandId"
					},
					"OriginDataTypeName": {
						"TypeName": "integer",
						"IsComplexType": false,
						"IsNullable": true,
						"Properties": {
							"HIVE_TYPE_STRING": "integer"
						}
					}
				}
			],
			"Format": {
				"InputFormat": "org.apache.hadoop.mapred.SequenceFileInputFormat",
				"OutputFormat": "org.apache.hadoop.hive.ql.io.HiveSequenceFileOutputFormat",
				"FormatType": "csv",
				"SerializeLib": "org.apache.hadoop.hive.serde2.lazy.LazySimpleSerDe",
				"Properties": {
					"path": "abfss://filesystem@aamerriladls.dfs.core.windows.net/tcsSource/AdvertisingCampaign",
					"delimiter": ",",
					"firstRowAsHeader": "false",
					"serialization.format": "1",
					"escape": "\\",
					"FormatTypeSetToDatabaseDefault": true,
					"header": "false"
				}
			},
			"Source": {
				"Provider": "ADLS",
				"Location": "abfss://filesystem@aamerriladls.dfs.core.windows.net/tcsSource/AdvertisingCampaign",
				"Properties": {
					"LinkedServiceName": "AzureDataLakeStorage1",
					"LocationSetToDatabaseDefault": true
				}
			},
			"Properties": {
				"textinputformat.record.delimiter": ",",
				"compression": "{\"type\":\"None\",\"level\":\"optimal\"}",
				"derivedModelAttributeInfo": "{\"attributeReferences\":{\"AdvertisingCampaignId\":{\"entity\":\"AdvertisingCampaign.cdm.json/AdvertisingCampaign\",\"name\":\"AdvertisingCampaignId\"},\"AdvertisingCampaignName\":{\"entity\":\"AdvertisingCampaign.cdm.json/AdvertisingCampaign\",\"name\":\"AdvertisingCampaignName\"},\"AdvertisingCampaignStartDate\":{\"entity\":\"AdvertisingCampaign.cdm.json/AdvertisingCampaign\",\"name\":\"AdvertisingCampaignStartDate\"},\"AdvertisingCampaignEndDate\":{\"entity\":\"AdvertisingCampaign.cdm.json/AdvertisingCampaign\",\"name\":\"AdvertisingCampaignEndDate\"},\"AdvertisingCampaignAppealStatement\":{\"entity\":\"AdvertisingCampaign.cdm.json/AdvertisingCampaign\",\"name\":\"AdvertisingCampaignAppealStatement\"},\"AdvertisingCampaignCreativeStrategyStatement\":{\"entity\":\"AdvertisingCampaign.cdm.json/AdvertisingCampaign\",\"name\":\"AdvertisingCampaignCreativeStrategyStatement\"},\"MediaObjectivesStatement\":{\"entity\":\"AdvertisingCampaign.cdm.json/AdvertisingCampaign\",\"name\":\"MediaObjectivesStatement\"},\"AgencyCommissionPercentage\":{\"entity\":\"AdvertisingCampaign.cdm.json/AdvertisingCampaign\",\"name\":\"AgencyCommissionPercentage\"},\"PlannedTotalAdvertisingCampaignExpensesAmount\":{\"entity\":\"AdvertisingCampaign.cdm.json/AdvertisingCampaign\",\"name\":\"PlannedTotalAdvertisingCampaignExpensesAmount\"},\"ActualTotalAdvertisingCampaignExpensesAmount\":{\"entity\":\"AdvertisingCampaign.cdm.json/AdvertisingCampaign\",\"name\":\"ActualTotalAdvertisingCampaignExpensesAmount\"},\"AdvertisingCategoryId\":{\"entity\":\"AdvertisingCampaign.cdm.json/AdvertisingCampaign\",\"name\":\"AdvertisingCategoryId\"},\"AgencyId\":{\"entity\":\"AdvertisingCampaign.cdm.json/AdvertisingCampaign\",\"name\":\"AgencyId\"},\"MarketingCampaignId\":{\"entity\":\"AdvertisingCampaign.cdm.json/AdvertisingCampaign\",\"name\":\"MarketingCampaignId\"},\"ProductId\":{\"entity\":\"AdvertisingCampaign.cdm.json/AdvertisingCampaign\",\"name\":\"ProductId\"},\"BrandId\":{\"entity\":\"AdvertisingCampaign.cdm.json/AdvertisingCampaign\",\"name\":\"BrandId\"}}}"
			},
			"Compressed": false,
			"IsStoredAsSubdirectories": false
		},
		"Properties": {
			"DerivedModelEntityInfo": "{\"entityDirectives\":{\"baseEntityReference\":{\"name\":\"AdvertisingCampaign\",\"path\":\"AdvertisingCampaign.cdm.json/AdvertisingCampaign\"},\"description\":\"A planned and coordinated execution of one or more Advertising Event(s) to achieve an overall set of objectives addressing product or message awareness.\",\"primaryKey\":[\"AdvertisingCampaignId\"],\"projectionInfo\":{\"attributes\":[{\"type\":\"Existing\",\"name\":\"AdvertisingCampaignId\",\"attributeReference\":{\"entity\":\"AdvertisingCampaign.cdm.json/AdvertisingCampaign\",\"name\":\"AdvertisingCampaignId\"},\"dataType\":\"integer\"},{\"type\":\"Existing\",\"name\":\"AdvertisingCampaignName\",\"attributeReference\":{\"entity\":\"AdvertisingCampaign.cdm.json/AdvertisingCampaign\",\"name\":\"AdvertisingCampaignName\"},\"dataType\":\"string\",\"dataTypeLength\":128},{\"type\":\"Existing\",\"name\":\"AdvertisingCampaignStartDate\",\"attributeReference\":{\"entity\":\"AdvertisingCampaign.cdm.json/AdvertisingCampaign\",\"name\":\"AdvertisingCampaignStartDate\"},\"dataType\":\"date\",\"dateFormat\":\"YYYY-MM-DD\"},{\"type\":\"Existing\",\"name\":\"AdvertisingCampaignEndDate\",\"attributeReference\":{\"entity\":\"AdvertisingCampaign.cdm.json/AdvertisingCampaign\",\"name\":\"AdvertisingCampaignEndDate\"},\"dataType\":\"date\",\"dateFormat\":\"YYYY-MM-DD\"},{\"type\":\"Existing\",\"name\":\"AdvertisingCampaignAppealStatement\",\"attributeReference\":{\"entity\":\"AdvertisingCampaign.cdm.json/AdvertisingCampaign\",\"name\":\"AdvertisingCampaignAppealStatement\"},\"dataType\":\"string\",\"dataTypeLength\":2048},{\"type\":\"Existing\",\"name\":\"AdvertisingCampaignCreativeStrategyStatement\",\"attributeReference\":{\"entity\":\"AdvertisingCampaign.cdm.json/AdvertisingCampaign\",\"name\":\"AdvertisingCampaignCreativeStrategyStatement\"},\"dataType\":\"string\",\"dataTypeLength\":2048},{\"type\":\"Existing\",\"name\":\"MediaObjectivesStatement\",\"attributeReference\":{\"entity\":\"AdvertisingCampaign.cdm.json/AdvertisingCampaign\",\"name\":\"MediaObjectivesStatement\"},\"dataType\":\"string\",\"dataTypeLength\":2048},{\"type\":\"Existing\",\"name\":\"AgencyCommissionPercentage\",\"attributeReference\":{\"entity\":\"AdvertisingCampaign.cdm.json/AdvertisingCampaign\",\"name\":\"AgencyCommissionPercentage\"},\"dataType\":\"decimal\",\"dataTypeLength\":18,\"scale\":8},{\"type\":\"Existing\",\"name\":\"PlannedTotalAdvertisingCampaignExpensesAmount\",\"attributeReference\":{\"entity\":\"AdvertisingCampaign.cdm.json/AdvertisingCampaign\",\"name\":\"PlannedTotalAdvertisingCampaignExpensesAmount\"},\"dataType\":\"decimal\",\"dataTypeLength\":18,\"scale\":2},{\"type\":\"Existing\",\"name\":\"ActualTotalAdvertisingCampaignExpensesAmount\",\"attributeReference\":{\"entity\":\"AdvertisingCampaign.cdm.json/AdvertisingCampaign\",\"name\":\"ActualTotalAdvertisingCampaignExpensesAmount\"},\"dataType\":\"decimal\",\"dataTypeLength\":18,\"scale\":2},{\"type\":\"Existing\",\"name\":\"AdvertisingCategoryId\",\"attributeReference\":{\"entity\":\"AdvertisingCampaign.cdm.json/AdvertisingCampaign\",\"name\":\"AdvertisingCategoryId\"},\"dataType\":\"integer\"},{\"type\":\"Existing\",\"name\":\"AgencyId\",\"attributeReference\":{\"entity\":\"AdvertisingCampaign.cdm.json/AdvertisingCampaign\",\"name\":\"AgencyId\"},\"dataType\":\"integer\"},{\"type\":\"Existing\",\"name\":\"MarketingCampaignId\",\"attributeReference\":{\"entity\":\"AdvertisingCampaign.cdm.json/AdvertisingCampaign\",\"name\":\"MarketingCampaignId\"},\"dataType\":\"integer\"},{\"type\":\"Existing\",\"name\":\"ProductId\",\"attributeReference\":{\"entity\":\"AdvertisingCampaign.cdm.json/AdvertisingCampaign\",\"name\":\"ProductId\"},\"dataType\":\"long\"},{\"type\":\"Existing\",\"name\":\"BrandId\",\"attributeReference\":{\"entity\":\"AdvertisingCampaign.cdm.json/AdvertisingCampaign\",\"name\":\"BrandId\"},\"dataType\":\"integer\"}]}}}",
			"Description": "A planned and coordinated execution of one or more Advertising Event(s) to achieve an overall set of objectives addressing product or message awareness.",
			"DisplayFolderInfo": "{\"name\":\"Marketing & Advertising\",\"colorCode\":\"#F04EB2\"}",
			"PrimaryKeys": "AdvertisingCampaignId",
			"spark.sql.sources.provider": "csv"
		},
		"Retention": 0,
		"Temporary": false,
		"IsRewriteEnabled": false
	},
	"type": "TABLE"
}