{
	"name": "AdvertisingEvent",
	"properties": {
		"Namespace": {
			"DatabaseName": "tcsSource"
		},
		"Name": "AdvertisingEvent",
		"Description": "A specific, discreet execution, performance or placement of a single Advertising Collateral.\n\nAn Advertising Campaign may coordinate and affect more than one Advertising Collaterals via multiple Advertising Events.",
		"EntityType": "TABLE",
		"TableType": "EXTERNAL",
		"Origin": {
			"Type": "SPARK"
		},
		"StorageDescriptor": {
			"Columns": [
				{
					"Name": "AdvertisingEventId",
					"Description": "The unique identifier of an Advertising Event.",
					"BaseAttributeReference": {
						"Entity": "AdvertisingEvent.cdm.json/AdvertisingEvent",
						"Name": "AdvertisingEventId"
					},
					"OriginDataTypeName": {
						"TypeName": "integer",
						"IsComplexType": false,
						"IsNullable": false,
						"Properties": {
							"HIVE_TYPE_STRING": "integer"
						}
					}
				},
				{
					"Name": "AdvertisingEventDescription",
					"Description": "The description of the Advertising Event.",
					"BaseAttributeReference": {
						"Entity": "AdvertisingEvent.cdm.json/AdvertisingEvent",
						"Name": "AdvertisingEventDescription"
					},
					"OriginDataTypeName": {
						"TypeName": "string",
						"IsComplexType": false,
						"IsNullable": true,
						"Length": 512,
						"Properties": {
							"HIVE_TYPE_STRING": "string"
						}
					}
				},
				{
					"Name": "ExecutionStartTimestamp",
					"Description": "The start timestamp for the execution of the associated Advertising Event.",
					"BaseAttributeReference": {
						"Entity": "AdvertisingEvent.cdm.json/AdvertisingEvent",
						"Name": "ExecutionStartTimestamp"
					},
					"OriginDataTypeName": {
						"TypeName": "timestamp",
						"IsComplexType": false,
						"IsNullable": true,
						"Properties": {
							"TimestampFormat": "YYYY-MM-DD HH:MM:SS.fffffffff",
							"HIVE_TYPE_STRING": "timestamp"
						}
					}
				},
				{
					"Name": "ExecutionEndTimestamp",
					"Description": "The end timestamp for the execution of the associated Advertising Event.",
					"BaseAttributeReference": {
						"Entity": "AdvertisingEvent.cdm.json/AdvertisingEvent",
						"Name": "ExecutionEndTimestamp"
					},
					"OriginDataTypeName": {
						"TypeName": "timestamp",
						"IsComplexType": false,
						"IsNullable": true,
						"Properties": {
							"TimestampFormat": "YYYY-MM-DD HH:MM:SS.fffffffff",
							"HIVE_TYPE_STRING": "timestamp"
						}
					}
				},
				{
					"Name": "AdvertisingEventLocation",
					"Description": "The location of the Advertising Event.",
					"BaseAttributeReference": {
						"Entity": "AdvertisingEvent.cdm.json/AdvertisingEvent",
						"Name": "AdvertisingEventLocation"
					},
					"OriginDataTypeName": {
						"TypeName": "string",
						"IsComplexType": false,
						"IsNullable": true,
						"Length": 128,
						"Properties": {
							"HIVE_TYPE_STRING": "string"
						}
					}
				},
				{
					"Name": "AdvertisingEventContactWebPage",
					"Description": "The web page that the advertising event refers viewers to.",
					"BaseAttributeReference": {
						"Entity": "AdvertisingEvent.cdm.json/AdvertisingEvent",
						"Name": "AdvertisingEventContactWebPage"
					},
					"OriginDataTypeName": {
						"TypeName": "string",
						"IsComplexType": false,
						"IsNullable": true,
						"Length": 2083,
						"Properties": {
							"HIVE_TYPE_STRING": "string"
						}
					}
				},
				{
					"Name": "AdvertisingEventContactTelephoneNumber",
					"Description": "The telephone number that the advertising event refers viewers to.",
					"BaseAttributeReference": {
						"Entity": "AdvertisingEvent.cdm.json/AdvertisingEvent",
						"Name": "AdvertisingEventContactTelephoneNumber"
					},
					"OriginDataTypeName": {
						"TypeName": "decimal",
						"IsComplexType": false,
						"IsNullable": true,
						"Precision": 15,
						"Scale": 0,
						"Properties": {
							"HIVE_TYPE_STRING": "decimal"
						}
					}
				},
				{
					"Name": "PreemptedReplayStartTimestamp",
					"Description": "The timestamp of the start of the replay of the advertising event.",
					"BaseAttributeReference": {
						"Entity": "AdvertisingEvent.cdm.json/AdvertisingEvent",
						"Name": "PreemptedReplayStartTimestamp"
					},
					"OriginDataTypeName": {
						"TypeName": "timestamp",
						"IsComplexType": false,
						"IsNullable": true,
						"Properties": {
							"TimestampFormat": "YYYY-MM-DD HH:MM:SS.fffffffff",
							"HIVE_TYPE_STRING": "timestamp"
						}
					}
				},
				{
					"Name": "PreemptedReplayEndTimestamp",
					"Description": "The timestamp of the end of the replay of the advertising event.",
					"BaseAttributeReference": {
						"Entity": "AdvertisingEvent.cdm.json/AdvertisingEvent",
						"Name": "PreemptedReplayEndTimestamp"
					},
					"OriginDataTypeName": {
						"TypeName": "timestamp",
						"IsComplexType": false,
						"IsNullable": true,
						"Properties": {
							"TimestampFormat": "YYYY-MM-DD HH:MM:SS.fffffffff",
							"HIVE_TYPE_STRING": "timestamp"
						}
					}
				},
				{
					"Name": "LocalAdvertisingIndicator",
					"Description": "Commercials marketed to a local sales area and placed by local or regional advertisers.",
					"BaseAttributeReference": {
						"Entity": "AdvertisingEvent.cdm.json/AdvertisingEvent",
						"Name": "LocalAdvertisingIndicator"
					},
					"OriginDataTypeName": {
						"TypeName": "boolean",
						"IsComplexType": false,
						"IsNullable": true,
						"Properties": {
							"HIVE_TYPE_STRING": "boolean"
						}
					}
				},
				{
					"Name": "NationalAdvertisingIndicator",
					"Description": "Indicates that the advertising event is national in scope.",
					"BaseAttributeReference": {
						"Entity": "AdvertisingEvent.cdm.json/AdvertisingEvent",
						"Name": "NationalAdvertisingIndicator"
					},
					"OriginDataTypeName": {
						"TypeName": "boolean",
						"IsComplexType": false,
						"IsNullable": true,
						"Properties": {
							"HIVE_TYPE_STRING": "boolean"
						}
					}
				},
				{
					"Name": "AdvertisingEventPreemptedIndicator",
					"Description": "Indicates that the Advertising Event was preempted.",
					"BaseAttributeReference": {
						"Entity": "AdvertisingEvent.cdm.json/AdvertisingEvent",
						"Name": "AdvertisingEventPreemptedIndicator"
					},
					"OriginDataTypeName": {
						"TypeName": "boolean",
						"IsComplexType": false,
						"IsNullable": true,
						"Properties": {
							"HIVE_TYPE_STRING": "boolean"
						}
					}
				},
				{
					"Name": "AdjacencyAdvertisingEventIndicator",
					"Description": "Commercials strategically placed next to a feature.",
					"BaseAttributeReference": {
						"Entity": "AdvertisingEvent.cdm.json/AdvertisingEvent",
						"Name": "AdjacencyAdvertisingEventIndicator"
					},
					"OriginDataTypeName": {
						"TypeName": "boolean",
						"IsComplexType": false,
						"IsNullable": true,
						"Properties": {
							"HIVE_TYPE_STRING": "boolean"
						}
					}
				},
				{
					"Name": "AdvertisingCampaignId",
					"Description": "The unique identifier of an Advertising Campaign.",
					"BaseAttributeReference": {
						"Entity": "AdvertisingEvent.cdm.json/AdvertisingEvent",
						"Name": "AdvertisingCampaignId"
					},
					"OriginDataTypeName": {
						"TypeName": "integer",
						"IsComplexType": false,
						"IsNullable": false,
						"Properties": {
							"HIVE_TYPE_STRING": "integer"
						}
					}
				},
				{
					"Name": "AdvertisingCategoryId",
					"Description": "The unique identifier of an Advertising Category.",
					"BaseAttributeReference": {
						"Entity": "AdvertisingEvent.cdm.json/AdvertisingEvent",
						"Name": "AdvertisingCategoryId"
					},
					"OriginDataTypeName": {
						"TypeName": "integer",
						"IsComplexType": false,
						"IsNullable": true,
						"Properties": {
							"HIVE_TYPE_STRING": "integer"
						}
					}
				},
				{
					"Name": "DeliveryChannelId",
					"Description": "The unique identifier of a Delivery Channel.",
					"BaseAttributeReference": {
						"Entity": "AdvertisingEvent.cdm.json/AdvertisingEvent",
						"Name": "DeliveryChannelId"
					},
					"OriginDataTypeName": {
						"TypeName": "integer",
						"IsComplexType": false,
						"IsNullable": true,
						"Properties": {
							"HIVE_TYPE_STRING": "integer"
						}
					}
				},
				{
					"Name": "AgencyId",
					"Description": "The unique identifier of an Agency.",
					"BaseAttributeReference": {
						"Entity": "AdvertisingEvent.cdm.json/AdvertisingEvent",
						"Name": "AgencyId"
					},
					"OriginDataTypeName": {
						"TypeName": "integer",
						"IsComplexType": false,
						"IsNullable": true,
						"Properties": {
							"HIVE_TYPE_STRING": "integer"
						}
					}
				},
				{
					"Name": "ProductId",
					"Description": "The unique identifier of a Product.",
					"BaseAttributeReference": {
						"Entity": "AdvertisingEvent.cdm.json/AdvertisingEvent",
						"Name": "ProductId"
					},
					"OriginDataTypeName": {
						"TypeName": "long",
						"IsComplexType": false,
						"IsNullable": true,
						"Properties": {
							"HIVE_TYPE_STRING": "long"
						}
					}
				},
				{
					"Name": "AdvertisingEventTypeId",
					"Description": "The unique identifier of an advertising event type.",
					"BaseAttributeReference": {
						"Entity": "AdvertisingEvent.cdm.json/AdvertisingEvent",
						"Name": "AdvertisingEventTypeId"
					},
					"OriginDataTypeName": {
						"TypeName": "integer",
						"IsComplexType": false,
						"IsNullable": true,
						"Properties": {
							"HIVE_TYPE_STRING": "integer"
						}
					}
				},
				{
					"Name": "BrandId",
					"Description": "The unique identifier of a Brand.",
					"BaseAttributeReference": {
						"Entity": "AdvertisingEvent.cdm.json/AdvertisingEvent",
						"Name": "BrandId"
					},
					"OriginDataTypeName": {
						"TypeName": "integer",
						"IsComplexType": false,
						"IsNullable": true,
						"Properties": {
							"HIVE_TYPE_STRING": "integer"
						}
					}
				}
			],
			"Format": {
				"InputFormat": "org.apache.hadoop.mapred.SequenceFileInputFormat",
				"OutputFormat": "org.apache.hadoop.hive.ql.io.HiveSequenceFileOutputFormat",
				"FormatType": "csv",
				"SerializeLib": "org.apache.hadoop.hive.serde2.lazy.LazySimpleSerDe",
				"Properties": {
					"path": "abfss://filesystem@aamerriladls.dfs.core.windows.net/tcsSource/AdvertisingEvent",
					"delimiter": ",",
					"firstRowAsHeader": "false",
					"serialization.format": "1",
					"escape": "\\",
					"FormatTypeSetToDatabaseDefault": true,
					"header": "false"
				}
			},
			"Source": {
				"Provider": "ADLS",
				"Location": "abfss://filesystem@aamerriladls.dfs.core.windows.net/tcsSource/AdvertisingEvent",
				"Properties": {
					"LinkedServiceName": "AzureDataLakeStorage1",
					"LocationSetToDatabaseDefault": true
				}
			},
			"Properties": {
				"textinputformat.record.delimiter": ",",
				"compression": "{\"type\":\"None\",\"level\":\"optimal\"}",
				"derivedModelAttributeInfo": "{\"attributeReferences\":{\"AdvertisingEventId\":{\"entity\":\"AdvertisingEvent.cdm.json/AdvertisingEvent\",\"name\":\"AdvertisingEventId\"},\"AdvertisingEventDescription\":{\"entity\":\"AdvertisingEvent.cdm.json/AdvertisingEvent\",\"name\":\"AdvertisingEventDescription\"},\"ExecutionStartTimestamp\":{\"entity\":\"AdvertisingEvent.cdm.json/AdvertisingEvent\",\"name\":\"ExecutionStartTimestamp\"},\"ExecutionEndTimestamp\":{\"entity\":\"AdvertisingEvent.cdm.json/AdvertisingEvent\",\"name\":\"ExecutionEndTimestamp\"},\"AdvertisingEventLocation\":{\"entity\":\"AdvertisingEvent.cdm.json/AdvertisingEvent\",\"name\":\"AdvertisingEventLocation\"},\"AdvertisingEventContactWebPage\":{\"entity\":\"AdvertisingEvent.cdm.json/AdvertisingEvent\",\"name\":\"AdvertisingEventContactWebPage\"},\"AdvertisingEventContactTelephoneNumber\":{\"entity\":\"AdvertisingEvent.cdm.json/AdvertisingEvent\",\"name\":\"AdvertisingEventContactTelephoneNumber\"},\"PreemptedReplayStartTimestamp\":{\"entity\":\"AdvertisingEvent.cdm.json/AdvertisingEvent\",\"name\":\"PreemptedReplayStartTimestamp\"},\"PreemptedReplayEndTimestamp\":{\"entity\":\"AdvertisingEvent.cdm.json/AdvertisingEvent\",\"name\":\"PreemptedReplayEndTimestamp\"},\"LocalAdvertisingIndicator\":{\"entity\":\"AdvertisingEvent.cdm.json/AdvertisingEvent\",\"name\":\"LocalAdvertisingIndicator\"},\"NationalAdvertisingIndicator\":{\"entity\":\"AdvertisingEvent.cdm.json/AdvertisingEvent\",\"name\":\"NationalAdvertisingIndicator\"},\"AdvertisingEventPreemptedIndicator\":{\"entity\":\"AdvertisingEvent.cdm.json/AdvertisingEvent\",\"name\":\"AdvertisingEventPreemptedIndicator\"},\"AdjacencyAdvertisingEventIndicator\":{\"entity\":\"AdvertisingEvent.cdm.json/AdvertisingEvent\",\"name\":\"AdjacencyAdvertisingEventIndicator\"},\"AdvertisingCampaignId\":{\"entity\":\"AdvertisingEvent.cdm.json/AdvertisingEvent\",\"name\":\"AdvertisingCampaignId\"},\"AdvertisingCategoryId\":{\"entity\":\"AdvertisingEvent.cdm.json/AdvertisingEvent\",\"name\":\"AdvertisingCategoryId\"},\"DeliveryChannelId\":{\"entity\":\"AdvertisingEvent.cdm.json/AdvertisingEvent\",\"name\":\"DeliveryChannelId\"},\"AgencyId\":{\"entity\":\"AdvertisingEvent.cdm.json/AdvertisingEvent\",\"name\":\"AgencyId\"},\"ProductId\":{\"entity\":\"AdvertisingEvent.cdm.json/AdvertisingEvent\",\"name\":\"ProductId\"},\"AdvertisingEventTypeId\":{\"entity\":\"AdvertisingEvent.cdm.json/AdvertisingEvent\",\"name\":\"AdvertisingEventTypeId\"},\"BrandId\":{\"entity\":\"AdvertisingEvent.cdm.json/AdvertisingEvent\",\"name\":\"BrandId\"}}}"
			},
			"Compressed": false,
			"IsStoredAsSubdirectories": false
		},
		"Properties": {
			"DerivedModelEntityInfo": "{\"entityDirectives\":{\"baseEntityReference\":{\"name\":\"AdvertisingEvent\",\"path\":\"AdvertisingEvent.cdm.json/AdvertisingEvent\"},\"description\":\"A specific, discreet execution, performance or placement of a single Advertising Collateral.\\n\\nAn Advertising Campaign may coordinate and affect more than one Advertising Collaterals via multiple Advertising Events.\",\"primaryKey\":[\"AdvertisingEventId\"],\"projectionInfo\":{\"attributes\":[{\"type\":\"Existing\",\"name\":\"AdvertisingEventId\",\"attributeReference\":{\"entity\":\"AdvertisingEvent.cdm.json/AdvertisingEvent\",\"name\":\"AdvertisingEventId\"},\"dataType\":\"integer\"},{\"type\":\"Existing\",\"name\":\"AdvertisingEventDescription\",\"attributeReference\":{\"entity\":\"AdvertisingEvent.cdm.json/AdvertisingEvent\",\"name\":\"AdvertisingEventDescription\"},\"dataType\":\"string\",\"dataTypeLength\":512},{\"type\":\"Existing\",\"name\":\"ExecutionStartTimestamp\",\"attributeReference\":{\"entity\":\"AdvertisingEvent.cdm.json/AdvertisingEvent\",\"name\":\"ExecutionStartTimestamp\"},\"dataType\":\"timestamp\",\"timestampFormat\":\"YYYY-MM-DD HH:MM:SS.fffffffff\"},{\"type\":\"Existing\",\"name\":\"ExecutionEndTimestamp\",\"attributeReference\":{\"entity\":\"AdvertisingEvent.cdm.json/AdvertisingEvent\",\"name\":\"ExecutionEndTimestamp\"},\"dataType\":\"timestamp\",\"timestampFormat\":\"YYYY-MM-DD HH:MM:SS.fffffffff\"},{\"type\":\"Existing\",\"name\":\"AdvertisingEventLocation\",\"attributeReference\":{\"entity\":\"AdvertisingEvent.cdm.json/AdvertisingEvent\",\"name\":\"AdvertisingEventLocation\"},\"dataType\":\"string\",\"dataTypeLength\":128},{\"type\":\"Existing\",\"name\":\"AdvertisingEventContactWebPage\",\"attributeReference\":{\"entity\":\"AdvertisingEvent.cdm.json/AdvertisingEvent\",\"name\":\"AdvertisingEventContactWebPage\"},\"dataType\":\"string\",\"dataTypeLength\":2083},{\"type\":\"Existing\",\"name\":\"AdvertisingEventContactTelephoneNumber\",\"attributeReference\":{\"entity\":\"AdvertisingEvent.cdm.json/AdvertisingEvent\",\"name\":\"AdvertisingEventContactTelephoneNumber\"},\"dataType\":\"decimal\",\"dataTypeLength\":15,\"scale\":0},{\"type\":\"Existing\",\"name\":\"PreemptedReplayStartTimestamp\",\"attributeReference\":{\"entity\":\"AdvertisingEvent.cdm.json/AdvertisingEvent\",\"name\":\"PreemptedReplayStartTimestamp\"},\"dataType\":\"timestamp\",\"timestampFormat\":\"YYYY-MM-DD HH:MM:SS.fffffffff\"},{\"type\":\"Existing\",\"name\":\"PreemptedReplayEndTimestamp\",\"attributeReference\":{\"entity\":\"AdvertisingEvent.cdm.json/AdvertisingEvent\",\"name\":\"PreemptedReplayEndTimestamp\"},\"dataType\":\"timestamp\",\"timestampFormat\":\"YYYY-MM-DD HH:MM:SS.fffffffff\"},{\"type\":\"Existing\",\"name\":\"LocalAdvertisingIndicator\",\"attributeReference\":{\"entity\":\"AdvertisingEvent.cdm.json/AdvertisingEvent\",\"name\":\"LocalAdvertisingIndicator\"},\"dataType\":\"boolean\"},{\"type\":\"Existing\",\"name\":\"NationalAdvertisingIndicator\",\"attributeReference\":{\"entity\":\"AdvertisingEvent.cdm.json/AdvertisingEvent\",\"name\":\"NationalAdvertisingIndicator\"},\"dataType\":\"boolean\"},{\"type\":\"Existing\",\"name\":\"AdvertisingEventPreemptedIndicator\",\"attributeReference\":{\"entity\":\"AdvertisingEvent.cdm.json/AdvertisingEvent\",\"name\":\"AdvertisingEventPreemptedIndicator\"},\"dataType\":\"boolean\"},{\"type\":\"Existing\",\"name\":\"AdjacencyAdvertisingEventIndicator\",\"attributeReference\":{\"entity\":\"AdvertisingEvent.cdm.json/AdvertisingEvent\",\"name\":\"AdjacencyAdvertisingEventIndicator\"},\"dataType\":\"boolean\"},{\"type\":\"Existing\",\"name\":\"AdvertisingCampaignId\",\"attributeReference\":{\"entity\":\"AdvertisingEvent.cdm.json/AdvertisingEvent\",\"name\":\"AdvertisingCampaignId\"},\"dataType\":\"integer\"},{\"type\":\"Existing\",\"name\":\"AdvertisingCategoryId\",\"attributeReference\":{\"entity\":\"AdvertisingEvent.cdm.json/AdvertisingEvent\",\"name\":\"AdvertisingCategoryId\"},\"dataType\":\"integer\"},{\"type\":\"Existing\",\"name\":\"DeliveryChannelId\",\"attributeReference\":{\"entity\":\"AdvertisingEvent.cdm.json/AdvertisingEvent\",\"name\":\"DeliveryChannelId\"},\"dataType\":\"integer\"},{\"type\":\"Existing\",\"name\":\"AgencyId\",\"attributeReference\":{\"entity\":\"AdvertisingEvent.cdm.json/AdvertisingEvent\",\"name\":\"AgencyId\"},\"dataType\":\"integer\"},{\"type\":\"Existing\",\"name\":\"ProductId\",\"attributeReference\":{\"entity\":\"AdvertisingEvent.cdm.json/AdvertisingEvent\",\"name\":\"ProductId\"},\"dataType\":\"long\"},{\"type\":\"Existing\",\"name\":\"AdvertisingEventTypeId\",\"attributeReference\":{\"entity\":\"AdvertisingEvent.cdm.json/AdvertisingEvent\",\"name\":\"AdvertisingEventTypeId\"},\"dataType\":\"integer\"},{\"type\":\"Existing\",\"name\":\"BrandId\",\"attributeReference\":{\"entity\":\"AdvertisingEvent.cdm.json/AdvertisingEvent\",\"name\":\"BrandId\"},\"dataType\":\"integer\"}]}}}",
			"Description": "A specific, discreet execution, performance or placement of a single Advertising Collateral.\n\nAn Advertising Campaign may coordinate and affect more than one Advertising Collaterals via multiple Advertising Events.",
			"DisplayFolderInfo": "{\"name\":\"Marketing & Advertising\",\"colorCode\":\"#F04EB2\"}",
			"PrimaryKeys": "AdvertisingEventId",
			"spark.sql.sources.provider": "csv"
		},
		"Retention": 0,
		"Temporary": false,
		"IsRewriteEnabled": false
	},
	"type": "TABLE"
}