{
	"name": "CalendarDate",
	"properties": {
		"Namespace": {
			"DatabaseName": "tcsSource"
		},
		"Name": "CalendarDate",
		"Description": "The details for a specific date within a calendar.",
		"EntityType": "TABLE",
		"TableType": "EXTERNAL",
		"Origin": {
			"Type": "SPARK"
		},
		"StorageDescriptor": {
			"Columns": [
				{
					"Name": "CalendarId",
					"Description": "The unique identifier of a Calendar.",
					"BaseAttributeReference": {
						"Entity": "CalendarDate.cdm.json/CalendarDate",
						"Name": "CalendarId"
					},
					"OriginDataTypeName": {
						"TypeName": "integer",
						"IsComplexType": false,
						"IsNullable": false,
						"Properties": {
							"HIVE_TYPE_STRING": "integer"
						}
					}
				},
				{
					"Name": "Date",
					"Description": "The date of the associated calendar.",
					"BaseAttributeReference": {
						"Entity": "CalendarDate.cdm.json/CalendarDate",
						"Name": "Date"
					},
					"OriginDataTypeName": {
						"TypeName": "date",
						"IsComplexType": false,
						"IsNullable": false,
						"Properties": {
							"DateFormat": "YYYY-MM-DD",
							"HIVE_TYPE_STRING": "date"
						}
					}
				},
				{
					"Name": "DayOfWeekId",
					"Description": "The unique identifier of a Day Of Week.",
					"BaseAttributeReference": {
						"Entity": "CalendarDate.cdm.json/CalendarDate",
						"Name": "DayOfWeekId"
					},
					"OriginDataTypeName": {
						"TypeName": "integer",
						"IsComplexType": false,
						"IsNullable": true,
						"Properties": {
							"HIVE_TYPE_STRING": "integer"
						}
					}
				},
				{
					"Name": "CalendarDateStandardStartTime",
					"Description": "The standard time that operations start on this calendar date.",
					"BaseAttributeReference": {
						"Entity": "CalendarDate.cdm.json/CalendarDate",
						"Name": "CalendarDateStandardStartTime"
					},
					"OriginDataTypeName": {
						"TypeName": "string",
						"IsComplexType": false,
						"IsNullable": true,
						"Length": 256,
						"Properties": {
							"HIVE_TYPE_STRING": "string"
						}
					}
				},
				{
					"Name": "CalendarDateStandardEndTime",
					"Description": "The standard time that operations end on this calendar date.",
					"BaseAttributeReference": {
						"Entity": "CalendarDate.cdm.json/CalendarDate",
						"Name": "CalendarDateStandardEndTime"
					},
					"OriginDataTypeName": {
						"TypeName": "string",
						"IsComplexType": false,
						"IsNullable": true,
						"Length": 256,
						"Properties": {
							"HIVE_TYPE_STRING": "string"
						}
					}
				},
				{
					"Name": "HolidayIndicator",
					"Description": "Indicates that the associated date is a holiday.",
					"BaseAttributeReference": {
						"Entity": "CalendarDate.cdm.json/CalendarDate",
						"Name": "HolidayIndicator"
					},
					"OriginDataTypeName": {
						"TypeName": "boolean",
						"IsComplexType": false,
						"IsNullable": true,
						"Properties": {
							"HIVE_TYPE_STRING": "boolean"
						}
					}
				},
				{
					"Name": "HolidayName",
					"Description": "The name of the associated holiday.",
					"BaseAttributeReference": {
						"Entity": "CalendarDate.cdm.json/CalendarDate",
						"Name": "HolidayName"
					},
					"OriginDataTypeName": {
						"TypeName": "string",
						"IsComplexType": false,
						"IsNullable": true,
						"Length": 128,
						"Properties": {
							"HIVE_TYPE_STRING": "string"
						}
					}
				},
				{
					"Name": "CalendarDayNumber",
					"Description": "The day number associated with the calendar date.",
					"BaseAttributeReference": {
						"Entity": "CalendarDate.cdm.json/CalendarDate",
						"Name": "CalendarDayNumber"
					},
					"OriginDataTypeName": {
						"TypeName": "integer",
						"IsComplexType": false,
						"IsNullable": true,
						"Properties": {
							"HIVE_TYPE_STRING": "integer"
						}
					}
				},
				{
					"Name": "CalendarWeekId",
					"Description": "The unique identifier of a Calendar Week.",
					"BaseAttributeReference": {
						"Entity": "CalendarDate.cdm.json/CalendarDate",
						"Name": "CalendarWeekId"
					},
					"OriginDataTypeName": {
						"TypeName": "integer",
						"IsComplexType": false,
						"IsNullable": true,
						"Properties": {
							"HIVE_TYPE_STRING": "integer"
						}
					}
				},
				{
					"Name": "CalendarMonthId",
					"Description": "The unique identifier of a calendar month.",
					"BaseAttributeReference": {
						"Entity": "CalendarDate.cdm.json/CalendarDate",
						"Name": "CalendarMonthId"
					},
					"OriginDataTypeName": {
						"TypeName": "integer",
						"IsComplexType": false,
						"IsNullable": true,
						"Properties": {
							"HIVE_TYPE_STRING": "integer"
						}
					}
				},
				{
					"Name": "CalendarQuarterId",
					"Description": "The unique identifier of a calendar quarter.",
					"BaseAttributeReference": {
						"Entity": "CalendarDate.cdm.json/CalendarDate",
						"Name": "CalendarQuarterId"
					},
					"OriginDataTypeName": {
						"TypeName": "integer",
						"IsComplexType": false,
						"IsNullable": true,
						"Properties": {
							"HIVE_TYPE_STRING": "integer"
						}
					}
				},
				{
					"Name": "CalendarYearId",
					"Description": "The unique identifier of a Calendar Year.",
					"BaseAttributeReference": {
						"Entity": "CalendarDate.cdm.json/CalendarDate",
						"Name": "CalendarYearId"
					},
					"OriginDataTypeName": {
						"TypeName": "integer",
						"IsComplexType": false,
						"IsNullable": true,
						"Properties": {
							"HIVE_TYPE_STRING": "integer"
						}
					}
				},
				{
					"Name": "CalendarPeriodId",
					"Description": "The unique identifier of a Calendar Period.",
					"BaseAttributeReference": {
						"Entity": "CalendarDate.cdm.json/CalendarDate",
						"Name": "CalendarPeriodId"
					},
					"OriginDataTypeName": {
						"TypeName": "integer",
						"IsComplexType": false,
						"IsNullable": true,
						"Properties": {
							"HIVE_TYPE_STRING": "integer"
						}
					}
				},
				{
					"Name": "CalendarDateNote",
					"Description": "A note, comment or additional information regarding the calendar date.",
					"BaseAttributeReference": {
						"Entity": "CalendarDate.cdm.json/CalendarDate",
						"Name": "CalendarDateNote"
					},
					"OriginDataTypeName": {
						"TypeName": "string",
						"IsComplexType": false,
						"IsNullable": true,
						"Length": 1024,
						"Properties": {
							"HIVE_TYPE_STRING": "string"
						}
					}
				}
			],
			"Format": {
				"InputFormat": "org.apache.hadoop.mapred.SequenceFileInputFormat",
				"OutputFormat": "org.apache.hadoop.hive.ql.io.HiveSequenceFileOutputFormat",
				"FormatType": "csv",
				"SerializeLib": "org.apache.hadoop.hive.serde2.lazy.LazySimpleSerDe",
				"Properties": {
					"path": "abfss://filesystem@aamerriladls.dfs.core.windows.net/tcsSource/CalendarDate",
					"delimiter": ",",
					"firstRowAsHeader": "false",
					"serialization.format": "1",
					"escape": "\\",
					"FormatTypeSetToDatabaseDefault": true,
					"header": "false"
				}
			},
			"Source": {
				"Provider": "ADLS",
				"Location": "abfss://filesystem@aamerriladls.dfs.core.windows.net/tcsSource/CalendarDate",
				"Properties": {
					"LinkedServiceName": "AzureDataLakeStorage1",
					"LocationSetToDatabaseDefault": true
				}
			},
			"Properties": {
				"textinputformat.record.delimiter": ",",
				"compression": "{\"type\":\"None\",\"level\":\"optimal\"}",
				"derivedModelAttributeInfo": "{\"attributeReferences\":{\"CalendarId\":{\"entity\":\"CalendarDate.cdm.json/CalendarDate\",\"name\":\"CalendarId\"},\"Date\":{\"entity\":\"CalendarDate.cdm.json/CalendarDate\",\"name\":\"Date\"},\"DayOfWeekId\":{\"entity\":\"CalendarDate.cdm.json/CalendarDate\",\"name\":\"DayOfWeekId\"},\"CalendarDateStandardStartTime\":{\"entity\":\"CalendarDate.cdm.json/CalendarDate\",\"name\":\"CalendarDateStandardStartTime\"},\"CalendarDateStandardEndTime\":{\"entity\":\"CalendarDate.cdm.json/CalendarDate\",\"name\":\"CalendarDateStandardEndTime\"},\"HolidayIndicator\":{\"entity\":\"CalendarDate.cdm.json/CalendarDate\",\"name\":\"HolidayIndicator\"},\"HolidayName\":{\"entity\":\"CalendarDate.cdm.json/CalendarDate\",\"name\":\"HolidayName\"},\"CalendarDayNumber\":{\"entity\":\"CalendarDate.cdm.json/CalendarDate\",\"name\":\"CalendarDayNumber\"},\"CalendarWeekId\":{\"entity\":\"CalendarDate.cdm.json/CalendarDate\",\"name\":\"CalendarWeekId\"},\"CalendarMonthId\":{\"entity\":\"CalendarDate.cdm.json/CalendarDate\",\"name\":\"CalendarMonthId\"},\"CalendarQuarterId\":{\"entity\":\"CalendarDate.cdm.json/CalendarDate\",\"name\":\"CalendarQuarterId\"},\"CalendarYearId\":{\"entity\":\"CalendarDate.cdm.json/CalendarDate\",\"name\":\"CalendarYearId\"},\"CalendarPeriodId\":{\"entity\":\"CalendarDate.cdm.json/CalendarDate\",\"name\":\"CalendarPeriodId\"},\"CalendarDateNote\":{\"entity\":\"CalendarDate.cdm.json/CalendarDate\",\"name\":\"CalendarDateNote\"}}}"
			},
			"Compressed": false,
			"IsStoredAsSubdirectories": false
		},
		"Properties": {
			"DerivedModelEntityInfo": "{\"entityDirectives\":{\"baseEntityReference\":{\"name\":\"CalendarDate\",\"path\":\"CalendarDate.cdm.json/CalendarDate\"},\"description\":\"The details for a specific date within a calendar.\",\"primaryKey\":[\"CalendarId\",\"Date\"],\"projectionInfo\":{\"attributes\":[{\"type\":\"Existing\",\"name\":\"CalendarId\",\"attributeReference\":{\"entity\":\"CalendarDate.cdm.json/CalendarDate\",\"name\":\"CalendarId\"},\"dataType\":\"integer\"},{\"type\":\"Existing\",\"name\":\"Date\",\"attributeReference\":{\"entity\":\"CalendarDate.cdm.json/CalendarDate\",\"name\":\"Date\"},\"dataType\":\"date\",\"dateFormat\":\"YYYY-MM-DD\"},{\"type\":\"Existing\",\"name\":\"DayOfWeekId\",\"attributeReference\":{\"entity\":\"CalendarDate.cdm.json/CalendarDate\",\"name\":\"DayOfWeekId\"},\"dataType\":\"integer\"},{\"type\":\"Existing\",\"name\":\"CalendarDateStandardStartTime\",\"attributeReference\":{\"entity\":\"CalendarDate.cdm.json/CalendarDate\",\"name\":\"CalendarDateStandardStartTime\"},\"dataType\":\"string\",\"dataTypeLength\":256},{\"type\":\"Existing\",\"name\":\"CalendarDateStandardEndTime\",\"attributeReference\":{\"entity\":\"CalendarDate.cdm.json/CalendarDate\",\"name\":\"CalendarDateStandardEndTime\"},\"dataType\":\"string\",\"dataTypeLength\":256},{\"type\":\"Existing\",\"name\":\"HolidayIndicator\",\"attributeReference\":{\"entity\":\"CalendarDate.cdm.json/CalendarDate\",\"name\":\"HolidayIndicator\"},\"dataType\":\"boolean\"},{\"type\":\"Existing\",\"name\":\"HolidayName\",\"attributeReference\":{\"entity\":\"CalendarDate.cdm.json/CalendarDate\",\"name\":\"HolidayName\"},\"dataType\":\"string\",\"dataTypeLength\":128},{\"type\":\"Existing\",\"name\":\"CalendarDayNumber\",\"attributeReference\":{\"entity\":\"CalendarDate.cdm.json/CalendarDate\",\"name\":\"CalendarDayNumber\"},\"dataType\":\"integer\"},{\"type\":\"Existing\",\"name\":\"CalendarWeekId\",\"attributeReference\":{\"entity\":\"CalendarDate.cdm.json/CalendarDate\",\"name\":\"CalendarWeekId\"},\"dataType\":\"integer\"},{\"type\":\"Existing\",\"name\":\"CalendarMonthId\",\"attributeReference\":{\"entity\":\"CalendarDate.cdm.json/CalendarDate\",\"name\":\"CalendarMonthId\"},\"dataType\":\"integer\"},{\"type\":\"Existing\",\"name\":\"CalendarQuarterId\",\"attributeReference\":{\"entity\":\"CalendarDate.cdm.json/CalendarDate\",\"name\":\"CalendarQuarterId\"},\"dataType\":\"integer\"},{\"type\":\"Existing\",\"name\":\"CalendarYearId\",\"attributeReference\":{\"entity\":\"CalendarDate.cdm.json/CalendarDate\",\"name\":\"CalendarYearId\"},\"dataType\":\"integer\"},{\"type\":\"Existing\",\"name\":\"CalendarPeriodId\",\"attributeReference\":{\"entity\":\"CalendarDate.cdm.json/CalendarDate\",\"name\":\"CalendarPeriodId\"},\"dataType\":\"integer\"},{\"type\":\"Existing\",\"name\":\"CalendarDateNote\",\"attributeReference\":{\"entity\":\"CalendarDate.cdm.json/CalendarDate\",\"name\":\"CalendarDateNote\"},\"dataType\":\"string\",\"dataTypeLength\":1024}]}}}",
			"Description": "The details for a specific date within a calendar.",
			"DisplayFolderInfo": "{\"name\":\"Human Resources & Payroll\",\"colorCode\":\"#00727A\"}",
			"PrimaryKeys": "CalendarId,Date",
			"spark.sql.sources.provider": "csv"
		},
		"Retention": 0,
		"Temporary": false,
		"IsRewriteEnabled": false
	},
	"type": "TABLE"
}