{
	"name": "Channel",
	"properties": {
		"Namespace": {
			"DatabaseName": "tcsSource"
		},
		"Name": "Channel",
		"Description": "A channel is a means by which products or services are sold and/or distributed.",
		"EntityType": "TABLE",
		"TableType": "EXTERNAL",
		"Origin": {
			"Type": "SPARK"
		},
		"StorageDescriptor": {
			"Columns": [
				{
					"Name": "ChannelId",
					"Description": "The unique identifier of a Channel.",
					"BaseAttributeReference": {
						"Entity": "Channel.cdm.json/Channel",
						"Name": "ChannelId"
					},
					"OriginDataTypeName": {
						"TypeName": "integer",
						"IsComplexType": false,
						"IsNullable": false,
						"Properties": {
							"HIVE_TYPE_STRING": "integer"
						}
					}
				},
				{
					"Name": "ChannelName",
					"Description": "The name of the associated Channel.",
					"BaseAttributeReference": {
						"Entity": "Channel.cdm.json/Channel",
						"Name": "ChannelName"
					},
					"OriginDataTypeName": {
						"TypeName": "string",
						"IsComplexType": false,
						"IsNullable": true,
						"Length": 128,
						"Properties": {
							"HIVE_TYPE_STRING": "string"
						}
					}
				},
				{
					"Name": "LocationId",
					"Description": "The unique identifier of a Location.",
					"BaseAttributeReference": {
						"Entity": "Channel.cdm.json/Channel",
						"Name": "LocationId"
					},
					"OriginDataTypeName": {
						"TypeName": "integer",
						"IsComplexType": false,
						"IsNullable": true,
						"Properties": {
							"HIVE_TYPE_STRING": "integer"
						}
					}
				},
				{
					"Name": "ChannelLogo",
					"Description": "A design, symbol or series of words that identifies the channel.",
					"BaseAttributeReference": {
						"Entity": "Channel.cdm.json/Channel",
						"Name": "ChannelLogo"
					},
					"OriginDataTypeName": {
						"TypeName": "binary",
						"IsComplexType": false,
						"IsNullable": true,
						"Properties": {
							"HIVE_TYPE_STRING": "binary"
						}
					}
				},
				{
					"Name": "TelephoneNumber",
					"Description": "The channel telephone number.",
					"BaseAttributeReference": {
						"Entity": "Channel.cdm.json/Channel",
						"Name": "TelephoneNumber"
					},
					"OriginDataTypeName": {
						"TypeName": "decimal",
						"IsComplexType": false,
						"IsNullable": true,
						"Precision": 15,
						"Scale": 0,
						"Properties": {
							"HIVE_TYPE_STRING": "decimal"
						}
					}
				},
				{
					"Name": "FaxNumber",
					"Description": "The channel fax number.",
					"BaseAttributeReference": {
						"Entity": "Channel.cdm.json/Channel",
						"Name": "FaxNumber"
					},
					"OriginDataTypeName": {
						"TypeName": "decimal",
						"IsComplexType": false,
						"IsNullable": true,
						"Precision": 15,
						"Scale": 0,
						"Properties": {
							"HIVE_TYPE_STRING": "decimal"
						}
					}
				},
				{
					"Name": "EmailAddress",
					"Description": "The channel email address.",
					"BaseAttributeReference": {
						"Entity": "Channel.cdm.json/Channel",
						"Name": "EmailAddress"
					},
					"OriginDataTypeName": {
						"TypeName": "string",
						"IsComplexType": false,
						"IsNullable": true,
						"Length": 256,
						"Properties": {
							"HIVE_TYPE_STRING": "string"
						}
					}
				},
				{
					"Name": "ChannelCommencementDate",
					"Description": "The date that the channel commenced operations.",
					"BaseAttributeReference": {
						"Entity": "Channel.cdm.json/Channel",
						"Name": "ChannelCommencementDate"
					},
					"OriginDataTypeName": {
						"TypeName": "date",
						"IsComplexType": false,
						"IsNullable": true,
						"Properties": {
							"DateFormat": "YYYY-MM-DD",
							"HIVE_TYPE_STRING": "date"
						}
					}
				},
				{
					"Name": "ChannelCloseDate",
					"Description": "The date that the channel was permanently closed.",
					"BaseAttributeReference": {
						"Entity": "Channel.cdm.json/Channel",
						"Name": "ChannelCloseDate"
					},
					"OriginDataTypeName": {
						"TypeName": "date",
						"IsComplexType": false,
						"IsNullable": true,
						"Properties": {
							"DateFormat": "YYYY-MM-DD",
							"HIVE_TYPE_STRING": "date"
						}
					}
				},
				{
					"Name": "ChannelCategoryId",
					"Description": "The unique identifier of a Channel Category.",
					"BaseAttributeReference": {
						"Entity": "Channel.cdm.json/Channel",
						"Name": "ChannelCategoryId"
					},
					"OriginDataTypeName": {
						"TypeName": "integer",
						"IsComplexType": false,
						"IsNullable": true,
						"Properties": {
							"HIVE_TYPE_STRING": "integer"
						}
					}
				},
				{
					"Name": "ChannelTypeId",
					"Description": "The unique identifier of a Channel Type.",
					"BaseAttributeReference": {
						"Entity": "Channel.cdm.json/Channel",
						"Name": "ChannelTypeId"
					},
					"OriginDataTypeName": {
						"TypeName": "integer",
						"IsComplexType": false,
						"IsNullable": true,
						"Properties": {
							"HIVE_TYPE_STRING": "integer"
						}
					}
				},
				{
					"Name": "PartyId",
					"Description": "The unique identifier of a Party.",
					"BaseAttributeReference": {
						"Entity": "Channel.cdm.json/Channel",
						"Name": "PartyId"
					},
					"OriginDataTypeName": {
						"TypeName": "long",
						"IsComplexType": false,
						"IsNullable": true,
						"Properties": {
							"HIVE_TYPE_STRING": "long"
						}
					}
				},
				{
					"Name": "DunsNumber",
					"Description": "The DUNS number is a nine-digit number issued by Dun & Bradstreet and assigned to each business location in the D&B database having a unique, separate, and distinct operation to businesses for the purpose of identifying them. The number as issued is random and the digits apparently have no significance as to their issuance.",
					"BaseAttributeReference": {
						"Entity": "Channel.cdm.json/Channel",
						"Name": "DunsNumber"
					},
					"OriginDataTypeName": {
						"TypeName": "decimal",
						"IsComplexType": false,
						"IsNullable": true,
						"Precision": 9,
						"Scale": 0,
						"Properties": {
							"HIVE_TYPE_STRING": "decimal"
						}
					}
				},
				{
					"Name": "DunBradstreetSingleLocationSubsidiary",
					"Description": "There are eight (8) types of business relationships defined in D&B WorldBase:\n\nSingle Location Subsidiary\n\nA single location subsidiary has reporting responsibilities to its parent; however, it does not have branches or subsidiaries reporting to it. Do not confuse this with a stand-alone business which is titled \"single location\" and is not part of a corporate family.\n\nHeadquarters\n\nA headquarters is a business establishment that has branches or divisions reporting to it, and is financially responsible for those branches or divisions. If the headquarters is more that 50% owned by another corporation, it also will be a subsidiary. If it owns more that 50% of another corporation, then it is also a parent.\n\nBranch\n\nA branch is a secondary location of its headquarters. It has no legal responsibility for its debts, even though bills may be paid from the branch location. It will have the same legal business name as its headquarters, although branches frequently operate under a different trade style than the headquarters establishment. A branch may be located at the same address as the headquarters if it has a unique trade style. In such cases, the branch may appear to be a duplicate with a different D-U-N-S number than the headquarters record, which may confuse customers if they don't purchase the trade style field.\n\nDivision\n\nA division, like a branch, is a secondary location of a business. However, a division carries out specific business operations related to the headquarters under a divisional name. Divisions look similar to branches in D&B WorldBase and carry a branch code.\n\nSubsidiary\n\nA subsidiary is a corporation that is more than 50% owned by another corporation and will have a different legal business name from its parent company. A subsidiary may have branches and/or subsidiaries of its own. If it does, then its D-U-N-S Number appears in the headquarter/parent D-U-N-S Number field of its children.\n\nParent\n\nA parent is a corporation that owns more than 50 percent of another corporation. The parent company also may be a subsidiary of another corporation. If the parent also has branches, then it is also a headquarters.\n\nDomestic Ultimate\n\nThe Domestic Ultimate is a subsidiary within the global family tree which is the highest ranking member within a specific country.\n\nGlobal Ultimate\n\nThe Global Ultimate is the top most responsible entity within the global family tree. The Global Ultimate may have branches and/or subsidiaries reporting directly or indirectly to it.",
					"BaseAttributeReference": {
						"Entity": "Channel.cdm.json/Channel",
						"Name": "DunBradstreetSingleLocationSubsidiary"
					},
					"OriginDataTypeName": {
						"TypeName": "boolean",
						"IsComplexType": false,
						"IsNullable": true,
						"Properties": {
							"HIVE_TYPE_STRING": "boolean"
						}
					}
				},
				{
					"Name": "DunBradstreetHeadquarters",
					"Description": "There are eight (8) types of business relationships defined in D&B WorldBase:\n\nSingle Location Subsidiary\n\nA single location subsidiary has reporting responsibilities to its parent; however, it does not have branches or subsidiaries reporting to it. Do not confuse this with a stand-alone business which is titled \"single location\" and is not part of a corporate family.\n\nHeadquarters\n\nA headquarters is a business establishment that has branches or divisions reporting to it, and is financially responsible for those branches or divisions. If the headquarters is more that 50% owned by another corporation, it also will be a subsidiary. If it owns more that 50% of another corporation, then it is also a parent.\n\nBranch\n\nA branch is a secondary location of its headquarters. It has no legal responsibility for its debts, even though bills may be paid from the branch location. It will have the same legal business name as its headquarters, although branches frequently operate under a different trade style than the headquarters establishment. A branch may be located at the same address as the headquarters if it has a unique trade style. In such cases, the branch may appear to be a duplicate with a different D-U-N-S number than the headquarters record, which may confuse customers if they don't purchase the trade style field.\n\nDivision\n\nA division, like a branch, is a secondary location of a business. However, a division carries out specific business operations related to the headquarters under a divisional name. Divisions look similar to branches in D&B WorldBase and carry a branch code.\n\nSubsidiary\n\nA subsidiary is a corporation that is more than 50% owned by another corporation and will have a different legal business name from its parent company. A subsidiary may have branches and/or subsidiaries of its own. If it does, then its D-U-N-S Number appears in the headquarter/parent D-U-N-S Number field of its children.\n\nParent\n\nA parent is a corporation that owns more than 50 percent of another corporation. The parent company also may be a subsidiary of another corporation. If the parent also has branches, then it is also a headquarters.\n\nDomestic Ultimate\n\nThe Domestic Ultimate is a subsidiary within the global family tree which is the highest ranking member within a specific country.\n\nGlobal Ultimate\n\nThe Global Ultimate is the top most responsible entity within the global family tree. The Global Ultimate may have branches and/or subsidiaries reporting directly or indirectly to it.",
					"BaseAttributeReference": {
						"Entity": "Channel.cdm.json/Channel",
						"Name": "DunBradstreetHeadquarters"
					},
					"OriginDataTypeName": {
						"TypeName": "boolean",
						"IsComplexType": false,
						"IsNullable": true,
						"Properties": {
							"HIVE_TYPE_STRING": "boolean"
						}
					}
				},
				{
					"Name": "DunBradstreetBranch",
					"Description": "There are eight (8) types of business relationships defined in D&B WorldBase:\n\nSingle Location Subsidiary\n\nA single location subsidiary has reporting responsibilities to its parent; however, it does not have branches or subsidiaries reporting to it. Do not confuse this with a stand-alone business which is titled \"single location\" and is not part of a corporate family.\n\nHeadquarters\n\nA headquarters is a business establishment that has branches or divisions reporting to it, and is financially responsible for those branches or divisions. If the headquarters is more that 50% owned by another corporation, it also will be a subsidiary. If it owns more that 50% of another corporation, then it is also a parent.\n\nBranch\n\nA branch is a secondary location of its headquarters. It has no legal responsibility for its debts, even though bills may be paid from the branch location. It will have the same legal business name as its headquarters, although branches frequently operate under a different trade style than the headquarters establishment. A branch may be located at the same address as the headquarters if it has a unique trade style. In such cases, the branch may appear to be a duplicate with a different D-U-N-S number than the headquarters record, which may confuse customers if they don't purchase the trade style field.\n\nDivision\n\nA division, like a branch, is a secondary location of a business. However, a division carries out specific business operations related to the headquarters under a divisional name. Divisions look similar to branches in D&B WorldBase and carry a branch code.\n\nSubsidiary\n\nA subsidiary is a corporation that is more than 50% owned by another corporation and will have a different legal business name from its parent company. A subsidiary may have branches and/or subsidiaries of its own. If it does, then its D-U-N-S Number appears in the headquarter/parent D-U-N-S Number field of its children.\n\nParent\n\nA parent is a corporation that owns more than 50 percent of another corporation. The parent company also may be a subsidiary of another corporation. If the parent also has branches, then it is also a headquarters.\n\nDomestic Ultimate\n\nThe Domestic Ultimate is a subsidiary within the global family tree which is the highest ranking member within a specific country.\n\nGlobal Ultimate\n\nThe Global Ultimate is the top most responsible entity within the global family tree. The Global Ultimate may have branches and/or subsidiaries reporting directly or indirectly to it.",
					"BaseAttributeReference": {
						"Entity": "Channel.cdm.json/Channel",
						"Name": "DunBradstreetBranch"
					},
					"OriginDataTypeName": {
						"TypeName": "boolean",
						"IsComplexType": false,
						"IsNullable": true,
						"Properties": {
							"HIVE_TYPE_STRING": "boolean"
						}
					}
				},
				{
					"Name": "DunBradstreetDivision",
					"Description": "There are eight (8) types of business relationships defined in D&B WorldBase:\n\nSingle Location Subsidiary\n\nA single location subsidiary has reporting responsibilities to its parent; however, it does not have branches or subsidiaries reporting to it. Do not confuse this with a stand-alone business which is titled \"single location\" and is not part of a corporate family.\n\nHeadquarters\n\nA headquarters is a business establishment that has branches or divisions reporting to it, and is financially responsible for those branches or divisions. If the headquarters is more that 50% owned by another corporation, it also will be a subsidiary. If it owns more that 50% of another corporation, then it is also a parent.\n\nBranch\n\nA branch is a secondary location of its headquarters. It has no legal responsibility for its debts, even though bills may be paid from the branch location. It will have the same legal business name as its headquarters, although branches frequently operate under a different trade style than the headquarters establishment. A branch may be located at the same address as the headquarters if it has a unique trade style. In such cases, the branch may appear to be a duplicate with a different D-U-N-S number than the headquarters record, which may confuse customers if they don't purchase the trade style field.\n\nDivision\n\nA division, like a branch, is a secondary location of a business. However, a division carries out specific business operations related to the headquarters under a divisional name. Divisions look similar to branches in D&B WorldBase and carry a branch code.\n\nSubsidiary\n\nA subsidiary is a corporation that is more than 50% owned by another corporation and will have a different legal business name from its parent company. A subsidiary may have branches and/or subsidiaries of its own. If it does, then its D-U-N-S Number appears in the headquarter/parent D-U-N-S Number field of its children.\n\nParent\n\nA parent is a corporation that owns more than 50 percent of another corporation. The parent company also may be a subsidiary of another corporation. If the parent also has branches, then it is also a headquarters.\n\nDomestic Ultimate\n\nThe Domestic Ultimate is a subsidiary within the global family tree which is the highest ranking member within a specific country.\n\nGlobal Ultimate\n\nThe Global Ultimate is the top most responsible entity within the global family tree. The Global Ultimate may have branches and/or subsidiaries reporting directly or indirectly to it.",
					"BaseAttributeReference": {
						"Entity": "Channel.cdm.json/Channel",
						"Name": "DunBradstreetDivision"
					},
					"OriginDataTypeName": {
						"TypeName": "boolean",
						"IsComplexType": false,
						"IsNullable": true,
						"Properties": {
							"HIVE_TYPE_STRING": "boolean"
						}
					}
				},
				{
					"Name": "DunBradstreetSubsidiary",
					"Description": "There are eight (8) types of business relationships defined in D&B WorldBase:\n\nSingle Location Subsidiary\n\nA single location subsidiary has reporting responsibilities to its parent; however, it does not have branches or subsidiaries reporting to it. Do not confuse this with a stand-alone business which is titled \"single location\" and is not part of a corporate family.\n\nHeadquarters\n\nA headquarters is a business establishment that has branches or divisions reporting to it, and is financially responsible for those branches or divisions. If the headquarters is more that 50% owned by another corporation, it also will be a subsidiary. If it owns more that 50% of another corporation, then it is also a parent.\n\nBranch\n\nA branch is a secondary location of its headquarters. It has no legal responsibility for its debts, even though bills may be paid from the branch location. It will have the same legal business name as its headquarters, although branches frequently operate under a different trade style than the headquarters establishment. A branch may be located at the same address as the headquarters if it has a unique trade style. In such cases, the branch may appear to be a duplicate with a different D-U-N-S number than the headquarters record, which may confuse customers if they don't purchase the trade style field.\n\nDivision\n\nA division, like a branch, is a secondary location of a business. However, a division carries out specific business operations related to the headquarters under a divisional name. Divisions look similar to branches in D&B WorldBase and carry a branch code.\n\nSubsidiary\n\nA subsidiary is a corporation that is more than 50% owned by another corporation and will have a different legal business name from its parent company. A subsidiary may have branches and/or subsidiaries of its own. If it does, then its D-U-N-S Number appears in the headquarter/parent D-U-N-S Number field of its children.\n\nParent\n\nA parent is a corporation that owns more than 50 percent of another corporation. The parent company also may be a subsidiary of another corporation. If the parent also has branches, then it is also a headquarters.\n\nDomestic Ultimate\n\nThe Domestic Ultimate is a subsidiary within the global family tree which is the highest ranking member within a specific country.\n\nGlobal Ultimate\n\nThe Global Ultimate is the top most responsible entity within the global family tree. The Global Ultimate may have branches and/or subsidiaries reporting directly or indirectly to it.",
					"BaseAttributeReference": {
						"Entity": "Channel.cdm.json/Channel",
						"Name": "DunBradstreetSubsidiary"
					},
					"OriginDataTypeName": {
						"TypeName": "boolean",
						"IsComplexType": false,
						"IsNullable": true,
						"Properties": {
							"HIVE_TYPE_STRING": "boolean"
						}
					}
				},
				{
					"Name": "DunBradstreetParent",
					"Description": "There are eight (8) types of business relationships defined in D&B WorldBase:\n\nSingle Location Subsidiary\n\nA single location subsidiary has reporting responsibilities to its parent; however, it does not have branches or subsidiaries reporting to it. Do not confuse this with a stand-alone business which is titled \"single location\" and is not part of a corporate family.\n\nHeadquarters\n\nA headquarters is a business establishment that has branches or divisions reporting to it, and is financially responsible for those branches or divisions. If the headquarters is more that 50% owned by another corporation, it also will be a subsidiary. If it owns more that 50% of another corporation, then it is also a parent.\n\nBranch\n\nA branch is a secondary location of its headquarters. It has no legal responsibility for its debts, even though bills may be paid from the branch location. It will have the same legal business name as its headquarters, although branches frequently operate under a different trade style than the headquarters establishment. A branch may be located at the same address as the headquarters if it has a unique trade style. In such cases, the branch may appear to be a duplicate with a different D-U-N-S number than the headquarters record, which may confuse customers if they don't purchase the trade style field.\n\nDivision\n\nA division, like a branch, is a secondary location of a business. However, a division carries out specific business operations related to the headquarters under a divisional name. Divisions look similar to branches in D&B WorldBase and carry a branch code.\n\nSubsidiary\n\nA subsidiary is a corporation that is more than 50% owned by another corporation and will have a different legal business name from its parent company. A subsidiary may have branches and/or subsidiaries of its own. If it does, then its D-U-N-S Number appears in the headquarter/parent D-U-N-S Number field of its children.\n\nParent\n\nA parent is a corporation that owns more than 50 percent of another corporation. The parent company also may be a subsidiary of another corporation. If the parent also has branches, then it is also a headquarters.\n\nDomestic Ultimate\n\nThe Domestic Ultimate is a subsidiary within the global family tree which is the highest ranking member within a specific country.\n\nGlobal Ultimate\n\nThe Global Ultimate is the top most responsible entity within the global family tree. The Global Ultimate may have branches and/or subsidiaries reporting directly or indirectly to it.",
					"BaseAttributeReference": {
						"Entity": "Channel.cdm.json/Channel",
						"Name": "DunBradstreetParent"
					},
					"OriginDataTypeName": {
						"TypeName": "boolean",
						"IsComplexType": false,
						"IsNullable": true,
						"Properties": {
							"HIVE_TYPE_STRING": "boolean"
						}
					}
				},
				{
					"Name": "DunBradstreetUltimate",
					"Description": "There are eight (8) types of business relationships defined in D&B WorldBase:\n\nSingle Location Subsidiary\n\nA single location subsidiary has reporting responsibilities to its parent; however, it does not have branches or subsidiaries reporting to it. Do not confuse this with a stand-alone business which is titled \"single location\" and is not part of a corporate family.\n\nHeadquarters\n\nA headquarters is a business establishment that has branches or divisions reporting to it, and is financially responsible for those branches or divisions. If the headquarters is more that 50% owned by another corporation, it also will be a subsidiary. If it owns more that 50% of another corporation, then it is also a parent.\n\nBranch\n\nA branch is a secondary location of its headquarters. It has no legal responsibility for its debts, even though bills may be paid from the branch location. It will have the same legal business name as its headquarters, although branches frequently operate under a different trade style than the headquarters establishment. A branch may be located at the same address as the headquarters if it has a unique trade style. In such cases, the branch may appear to be a duplicate with a different D-U-N-S number than the headquarters record, which may confuse customers if they don't purchase the trade style field.\n\nDivision\n\nA division, like a branch, is a secondary location of a business. However, a division carries out specific business operations related to the headquarters under a divisional name. Divisions look similar to branches in D&B WorldBase and carry a branch code.\n\nSubsidiary\n\nA subsidiary is a corporation that is more than 50% owned by another corporation and will have a different legal business name from its parent company. A subsidiary may have branches and/or subsidiaries of its own. If it does, then its D-U-N-S Number appears in the headquarter/parent D-U-N-S Number field of its children.\n\nParent\n\nA parent is a corporation that owns more than 50 percent of another corporation. The parent company also may be a subsidiary of another corporation. If the parent also has branches, then it is also a headquarters.\n\nDomestic Ultimate\n\nThe Domestic Ultimate is a subsidiary within the global family tree which is the highest ranking member within a specific country.\n\nGlobal Ultimate\n\nThe Global Ultimate is the top most responsible entity within the global family tree. The Global Ultimate may have branches and/or subsidiaries reporting directly or indirectly to it.",
					"BaseAttributeReference": {
						"Entity": "Channel.cdm.json/Channel",
						"Name": "DunBradstreetUltimate"
					},
					"OriginDataTypeName": {
						"TypeName": "boolean",
						"IsComplexType": false,
						"IsNullable": true,
						"Properties": {
							"HIVE_TYPE_STRING": "boolean"
						}
					}
				},
				{
					"Name": "DunBradstreetGlobalUltimate",
					"Description": "There are eight (8) types of business relationships defined in D&B WorldBase:\n\nSingle Location Subsidiary\n\nA single location subsidiary has reporting responsibilities to its parent; however, it does not have branches or subsidiaries reporting to it. Do not confuse this with a stand-alone business which is titled \"single location\" and is not part of a corporate family.\n\nHeadquarters\n\nA headquarters is a business establishment that has branches or divisions reporting to it, and is financially responsible for those branches or divisions. If the headquarters is more that 50% owned by another corporation, it also will be a subsidiary. If it owns more that 50% of another corporation, then it is also a parent.\n\nBranch\n\nA branch is a secondary location of its headquarters. It has no legal responsibility for its debts, even though bills may be paid from the branch location. It will have the same legal business name as its headquarters, although branches frequently operate under a different trade style than the headquarters establishment. A branch may be located at the same address as the headquarters if it has a unique trade style. In such cases, the branch may appear to be a duplicate with a different D-U-N-S number than the headquarters record, which may confuse customers if they don't purchase the trade style field.\n\nDivision\n\nA division, like a branch, is a secondary location of a business. However, a division carries out specific business operations related to the headquarters under a divisional name. Divisions look similar to branches in D&B WorldBase and carry a branch code.\n\nSubsidiary\n\nA subsidiary is a corporation that is more than 50% owned by another corporation and will have a different legal business name from its parent company. A subsidiary may have branches and/or subsidiaries of its own. If it does, then its D-U-N-S Number appears in the headquarter/parent D-U-N-S Number field of its children.\n\nParent\n\nA parent is a corporation that owns more than 50 percent of another corporation. The parent company also may be a subsidiary of another corporation. If the parent also has branches, then it is also a headquarters.\n\nDomestic Ultimate\n\nThe Domestic Ultimate is a subsidiary within the global family tree which is the highest ranking member within a specific country.\n\nGlobal Ultimate\n\nThe Global Ultimate is the top most responsible entity within the global family tree. The Global Ultimate may have branches and/or subsidiaries reporting directly or indirectly to it.",
					"BaseAttributeReference": {
						"Entity": "Channel.cdm.json/Channel",
						"Name": "DunBradstreetGlobalUltimate"
					},
					"OriginDataTypeName": {
						"TypeName": "boolean",
						"IsComplexType": false,
						"IsNullable": true,
						"Properties": {
							"HIVE_TYPE_STRING": "boolean"
						}
					}
				},
				{
					"Name": "SicIndustryCode",
					"Description": "The unique identifier of the SIC Industry.",
					"BaseAttributeReference": {
						"Entity": "Channel.cdm.json/Channel",
						"Name": "SicIndustryCode"
					},
					"OriginDataTypeName": {
						"TypeName": "decimal",
						"IsComplexType": false,
						"IsNullable": true,
						"Precision": 4,
						"Scale": 0,
						"Properties": {
							"HIVE_TYPE_STRING": "decimal"
						}
					}
				},
				{
					"Name": "NaicsNationalIndustryCode",
					"Description": "The unique identifier of a NAICS National Industry Code.",
					"BaseAttributeReference": {
						"Entity": "Channel.cdm.json/Channel",
						"Name": "NaicsNationalIndustryCode"
					},
					"OriginDataTypeName": {
						"TypeName": "decimal",
						"IsComplexType": false,
						"IsNullable": true,
						"Precision": 6,
						"Scale": 0,
						"Properties": {
							"HIVE_TYPE_STRING": "decimal"
						}
					}
				},
				{
					"Name": "AnzsicClassCode",
					"Description": "The unique identifier of an ANZSIC Class.",
					"BaseAttributeReference": {
						"Entity": "Channel.cdm.json/Channel",
						"Name": "AnzsicClassCode"
					},
					"OriginDataTypeName": {
						"TypeName": "decimal",
						"IsComplexType": false,
						"IsNullable": true,
						"Precision": 4,
						"Scale": 0,
						"Properties": {
							"HIVE_TYPE_STRING": "decimal"
						}
					}
				},
				{
					"Name": "TerritoryId",
					"Description": "The unique identifier of a Territory.",
					"BaseAttributeReference": {
						"Entity": "Channel.cdm.json/Channel",
						"Name": "TerritoryId"
					},
					"OriginDataTypeName": {
						"TypeName": "integer",
						"IsComplexType": false,
						"IsNullable": true,
						"Properties": {
							"HIVE_TYPE_STRING": "integer"
						}
					}
				},
				{
					"Name": "AreaId",
					"Description": "The unique identifier of a Territory.",
					"BaseAttributeReference": {
						"Entity": "Channel.cdm.json/Channel",
						"Name": "AreaId"
					},
					"OriginDataTypeName": {
						"TypeName": "integer",
						"IsComplexType": false,
						"IsNullable": true,
						"Properties": {
							"HIVE_TYPE_STRING": "integer"
						}
					}
				},
				{
					"Name": "RegionId",
					"Description": "The unique identifier of a Territory.",
					"BaseAttributeReference": {
						"Entity": "Channel.cdm.json/Channel",
						"Name": "RegionId"
					},
					"OriginDataTypeName": {
						"TypeName": "integer",
						"IsComplexType": false,
						"IsNullable": true,
						"Properties": {
							"HIVE_TYPE_STRING": "integer"
						}
					}
				},
				{
					"Name": "DistrictId",
					"Description": "The unique identifier of a Territory.",
					"BaseAttributeReference": {
						"Entity": "Channel.cdm.json/Channel",
						"Name": "DistrictId"
					},
					"OriginDataTypeName": {
						"TypeName": "integer",
						"IsComplexType": false,
						"IsNullable": true,
						"Properties": {
							"HIVE_TYPE_STRING": "integer"
						}
					}
				},
				{
					"Name": "BrandId",
					"Description": "The unique identifier of a Brand.",
					"BaseAttributeReference": {
						"Entity": "Channel.cdm.json/Channel",
						"Name": "BrandId"
					},
					"OriginDataTypeName": {
						"TypeName": "integer",
						"IsComplexType": false,
						"IsNullable": true,
						"Properties": {
							"HIVE_TYPE_STRING": "integer"
						}
					}
				},
				{
					"Name": "FranchiseeId",
					"Description": "The unique identifier of a Franchisee.",
					"BaseAttributeReference": {
						"Entity": "Channel.cdm.json/Channel",
						"Name": "FranchiseeId"
					},
					"OriginDataTypeName": {
						"TypeName": "integer",
						"IsComplexType": false,
						"IsNullable": true,
						"Properties": {
							"HIVE_TYPE_STRING": "integer"
						}
					}
				}
			],
			"Format": {
				"InputFormat": "org.apache.hadoop.mapred.SequenceFileInputFormat",
				"OutputFormat": "org.apache.hadoop.hive.ql.io.HiveSequenceFileOutputFormat",
				"FormatType": "csv",
				"SerializeLib": "org.apache.hadoop.hive.serde2.lazy.LazySimpleSerDe",
				"Properties": {
					"path": "abfss://filesystem@aamerriladls.dfs.core.windows.net/tcsSource/Channel",
					"delimiter": ",",
					"firstRowAsHeader": "false",
					"serialization.format": "1",
					"escape": "\\",
					"FormatTypeSetToDatabaseDefault": true,
					"header": "false"
				}
			},
			"Source": {
				"Provider": "ADLS",
				"Location": "abfss://filesystem@aamerriladls.dfs.core.windows.net/tcsSource/Channel",
				"Properties": {
					"LinkedServiceName": "AzureDataLakeStorage1",
					"LocationSetToDatabaseDefault": true
				}
			},
			"Properties": {
				"textinputformat.record.delimiter": ",",
				"compression": "{\"type\":\"None\",\"level\":\"optimal\"}",
				"derivedModelAttributeInfo": "{\"attributeReferences\":{\"ChannelId\":{\"entity\":\"Channel.cdm.json/Channel\",\"name\":\"ChannelId\"},\"ChannelName\":{\"entity\":\"Channel.cdm.json/Channel\",\"name\":\"ChannelName\"},\"LocationId\":{\"entity\":\"Channel.cdm.json/Channel\",\"name\":\"LocationId\"},\"ChannelLogo\":{\"entity\":\"Channel.cdm.json/Channel\",\"name\":\"ChannelLogo\"},\"TelephoneNumber\":{\"entity\":\"Channel.cdm.json/Channel\",\"name\":\"TelephoneNumber\"},\"FaxNumber\":{\"entity\":\"Channel.cdm.json/Channel\",\"name\":\"FaxNumber\"},\"EmailAddress\":{\"entity\":\"Channel.cdm.json/Channel\",\"name\":\"EmailAddress\"},\"ChannelCommencementDate\":{\"entity\":\"Channel.cdm.json/Channel\",\"name\":\"ChannelCommencementDate\"},\"ChannelCloseDate\":{\"entity\":\"Channel.cdm.json/Channel\",\"name\":\"ChannelCloseDate\"},\"ChannelCategoryId\":{\"entity\":\"Channel.cdm.json/Channel\",\"name\":\"ChannelCategoryId\"},\"ChannelTypeId\":{\"entity\":\"Channel.cdm.json/Channel\",\"name\":\"ChannelTypeId\"},\"PartyId\":{\"entity\":\"Channel.cdm.json/Channel\",\"name\":\"PartyId\"},\"DunsNumber\":{\"entity\":\"Channel.cdm.json/Channel\",\"name\":\"DunsNumber\"},\"DunBradstreetSingleLocationSubsidiary\":{\"entity\":\"Channel.cdm.json/Channel\",\"name\":\"DunBradstreetSingleLocationSubsidiary\"},\"DunBradstreetHeadquarters\":{\"entity\":\"Channel.cdm.json/Channel\",\"name\":\"DunBradstreetHeadquarters\"},\"DunBradstreetBranch\":{\"entity\":\"Channel.cdm.json/Channel\",\"name\":\"DunBradstreetBranch\"},\"DunBradstreetDivision\":{\"entity\":\"Channel.cdm.json/Channel\",\"name\":\"DunBradstreetDivision\"},\"DunBradstreetSubsidiary\":{\"entity\":\"Channel.cdm.json/Channel\",\"name\":\"DunBradstreetSubsidiary\"},\"DunBradstreetParent\":{\"entity\":\"Channel.cdm.json/Channel\",\"name\":\"DunBradstreetParent\"},\"DunBradstreetUltimate\":{\"entity\":\"Channel.cdm.json/Channel\",\"name\":\"DunBradstreetUltimate\"},\"DunBradstreetGlobalUltimate\":{\"entity\":\"Channel.cdm.json/Channel\",\"name\":\"DunBradstreetGlobalUltimate\"},\"SicIndustryCode\":{\"entity\":\"Channel.cdm.json/Channel\",\"name\":\"SicIndustryCode\"},\"NaicsNationalIndustryCode\":{\"entity\":\"Channel.cdm.json/Channel\",\"name\":\"NaicsNationalIndustryCode\"},\"AnzsicClassCode\":{\"entity\":\"Channel.cdm.json/Channel\",\"name\":\"AnzsicClassCode\"},\"TerritoryId\":{\"entity\":\"Channel.cdm.json/Channel\",\"name\":\"TerritoryId\"},\"AreaId\":{\"entity\":\"Channel.cdm.json/Channel\",\"name\":\"AreaId\"},\"RegionId\":{\"entity\":\"Channel.cdm.json/Channel\",\"name\":\"RegionId\"},\"DistrictId\":{\"entity\":\"Channel.cdm.json/Channel\",\"name\":\"DistrictId\"},\"BrandId\":{\"entity\":\"Channel.cdm.json/Channel\",\"name\":\"BrandId\"},\"FranchiseeId\":{\"entity\":\"Channel.cdm.json/Channel\",\"name\":\"FranchiseeId\"}}}"
			},
			"Compressed": false,
			"IsStoredAsSubdirectories": false
		},
		"Properties": {
			"DerivedModelEntityInfo": "{\"entityDirectives\":{\"baseEntityReference\":{\"name\":\"Channel\",\"path\":\"Channel.cdm.json/Channel\"},\"description\":\"A channel is a means by which products or services are sold and/or distributed.\",\"primaryKey\":[\"ChannelId\"],\"projectionInfo\":{\"attributes\":[{\"type\":\"Existing\",\"name\":\"ChannelId\",\"attributeReference\":{\"entity\":\"Channel.cdm.json/Channel\",\"name\":\"ChannelId\"},\"dataType\":\"integer\"},{\"type\":\"Existing\",\"name\":\"ChannelName\",\"attributeReference\":{\"entity\":\"Channel.cdm.json/Channel\",\"name\":\"ChannelName\"},\"dataType\":\"string\",\"dataTypeLength\":128},{\"type\":\"Existing\",\"name\":\"LocationId\",\"attributeReference\":{\"entity\":\"Channel.cdm.json/Channel\",\"name\":\"LocationId\"},\"dataType\":\"integer\"},{\"type\":\"Existing\",\"name\":\"ChannelLogo\",\"attributeReference\":{\"entity\":\"Channel.cdm.json/Channel\",\"name\":\"ChannelLogo\"},\"dataType\":\"binary\"},{\"type\":\"Existing\",\"name\":\"TelephoneNumber\",\"attributeReference\":{\"entity\":\"Channel.cdm.json/Channel\",\"name\":\"TelephoneNumber\"},\"dataType\":\"decimal\",\"dataTypeLength\":15,\"scale\":0},{\"type\":\"Existing\",\"name\":\"FaxNumber\",\"attributeReference\":{\"entity\":\"Channel.cdm.json/Channel\",\"name\":\"FaxNumber\"},\"dataType\":\"decimal\",\"dataTypeLength\":15,\"scale\":0},{\"type\":\"Existing\",\"name\":\"EmailAddress\",\"attributeReference\":{\"entity\":\"Channel.cdm.json/Channel\",\"name\":\"EmailAddress\"},\"dataType\":\"string\",\"dataTypeLength\":256},{\"type\":\"Existing\",\"name\":\"ChannelCommencementDate\",\"attributeReference\":{\"entity\":\"Channel.cdm.json/Channel\",\"name\":\"ChannelCommencementDate\"},\"dataType\":\"date\",\"dateFormat\":\"YYYY-MM-DD\"},{\"type\":\"Existing\",\"name\":\"ChannelCloseDate\",\"attributeReference\":{\"entity\":\"Channel.cdm.json/Channel\",\"name\":\"ChannelCloseDate\"},\"dataType\":\"date\",\"dateFormat\":\"YYYY-MM-DD\"},{\"type\":\"Existing\",\"name\":\"ChannelCategoryId\",\"attributeReference\":{\"entity\":\"Channel.cdm.json/Channel\",\"name\":\"ChannelCategoryId\"},\"dataType\":\"integer\"},{\"type\":\"Existing\",\"name\":\"ChannelTypeId\",\"attributeReference\":{\"entity\":\"Channel.cdm.json/Channel\",\"name\":\"ChannelTypeId\"},\"dataType\":\"integer\"},{\"type\":\"Existing\",\"name\":\"PartyId\",\"attributeReference\":{\"entity\":\"Channel.cdm.json/Channel\",\"name\":\"PartyId\"},\"dataType\":\"long\"},{\"type\":\"Existing\",\"name\":\"DunsNumber\",\"attributeReference\":{\"entity\":\"Channel.cdm.json/Channel\",\"name\":\"DunsNumber\"},\"dataType\":\"decimal\",\"dataTypeLength\":9,\"scale\":0},{\"type\":\"Existing\",\"name\":\"DunBradstreetSingleLocationSubsidiary\",\"attributeReference\":{\"entity\":\"Channel.cdm.json/Channel\",\"name\":\"DunBradstreetSingleLocationSubsidiary\"},\"dataType\":\"boolean\"},{\"type\":\"Existing\",\"name\":\"DunBradstreetHeadquarters\",\"attributeReference\":{\"entity\":\"Channel.cdm.json/Channel\",\"name\":\"DunBradstreetHeadquarters\"},\"dataType\":\"boolean\"},{\"type\":\"Existing\",\"name\":\"DunBradstreetBranch\",\"attributeReference\":{\"entity\":\"Channel.cdm.json/Channel\",\"name\":\"DunBradstreetBranch\"},\"dataType\":\"boolean\"},{\"type\":\"Existing\",\"name\":\"DunBradstreetDivision\",\"attributeReference\":{\"entity\":\"Channel.cdm.json/Channel\",\"name\":\"DunBradstreetDivision\"},\"dataType\":\"boolean\"},{\"type\":\"Existing\",\"name\":\"DunBradstreetSubsidiary\",\"attributeReference\":{\"entity\":\"Channel.cdm.json/Channel\",\"name\":\"DunBradstreetSubsidiary\"},\"dataType\":\"boolean\"},{\"type\":\"Existing\",\"name\":\"DunBradstreetParent\",\"attributeReference\":{\"entity\":\"Channel.cdm.json/Channel\",\"name\":\"DunBradstreetParent\"},\"dataType\":\"boolean\"},{\"type\":\"Existing\",\"name\":\"DunBradstreetUltimate\",\"attributeReference\":{\"entity\":\"Channel.cdm.json/Channel\",\"name\":\"DunBradstreetUltimate\"},\"dataType\":\"boolean\"},{\"type\":\"Existing\",\"name\":\"DunBradstreetGlobalUltimate\",\"attributeReference\":{\"entity\":\"Channel.cdm.json/Channel\",\"name\":\"DunBradstreetGlobalUltimate\"},\"dataType\":\"boolean\"},{\"type\":\"Existing\",\"name\":\"SicIndustryCode\",\"attributeReference\":{\"entity\":\"Channel.cdm.json/Channel\",\"name\":\"SicIndustryCode\"},\"dataType\":\"decimal\",\"dataTypeLength\":4,\"scale\":0},{\"type\":\"Existing\",\"name\":\"NaicsNationalIndustryCode\",\"attributeReference\":{\"entity\":\"Channel.cdm.json/Channel\",\"name\":\"NaicsNationalIndustryCode\"},\"dataType\":\"decimal\",\"dataTypeLength\":6,\"scale\":0},{\"type\":\"Existing\",\"name\":\"AnzsicClassCode\",\"attributeReference\":{\"entity\":\"Channel.cdm.json/Channel\",\"name\":\"AnzsicClassCode\"},\"dataType\":\"decimal\",\"dataTypeLength\":4,\"scale\":0},{\"type\":\"Existing\",\"name\":\"TerritoryId\",\"attributeReference\":{\"entity\":\"Channel.cdm.json/Channel\",\"name\":\"TerritoryId\"},\"dataType\":\"integer\"},{\"type\":\"Existing\",\"name\":\"AreaId\",\"attributeReference\":{\"entity\":\"Channel.cdm.json/Channel\",\"name\":\"AreaId\"},\"dataType\":\"integer\"},{\"type\":\"Existing\",\"name\":\"RegionId\",\"attributeReference\":{\"entity\":\"Channel.cdm.json/Channel\",\"name\":\"RegionId\"},\"dataType\":\"integer\"},{\"type\":\"Existing\",\"name\":\"DistrictId\",\"attributeReference\":{\"entity\":\"Channel.cdm.json/Channel\",\"name\":\"DistrictId\"},\"dataType\":\"integer\"},{\"type\":\"Existing\",\"name\":\"BrandId\",\"attributeReference\":{\"entity\":\"Channel.cdm.json/Channel\",\"name\":\"BrandId\"},\"dataType\":\"integer\"},{\"type\":\"Existing\",\"name\":\"FranchiseeId\",\"attributeReference\":{\"entity\":\"Channel.cdm.json/Channel\",\"name\":\"FranchiseeId\"},\"dataType\":\"integer\"}]}}}",
			"Description": "A channel is a means by which products or services are sold and/or distributed.",
			"DisplayFolderInfo": "{\"name\":\"Channel\",\"colorCode\":\"#001D3F\"}",
			"PrimaryKeys": "ChannelId",
			"spark.sql.sources.provider": "csv"
		},
		"Retention": 0,
		"Temporary": false,
		"IsRewriteEnabled": false
	},
	"type": "TABLE"
}