{
	"name": "Customer",
	"properties": {
		"Namespace": {
			"DatabaseName": "tcsSource"
		},
		"Name": "Customer",
		"Description": "A customer is an individual or legal entity that has or has purchased a product or service.\n\nA potential customer is an individual or legal entity that has the desire to acquire a product or service, the financial ability to pay for that product or service and is located in a location in which the product or service can be delivered to them.\n\nThe definition of 'customer' is of critical importance for every organization.    \n\nIt is the customer that is the focus of product planning, marketing, sales, service, reporting and analytics.    Without 'customer' there would be no need for the organization to exist since its purpose is to serve the customer and profit from that interaction.\n\nThe definition of 'customer' must be consistent with how customers exist and interact with the organization in the real world.  An artificial or conceptual definition of 'customer' that is not consistent with these two objectives is doomed to fail because the data will not be consistent with the definition and employees will not accept concepts or terms that are not consistent with what they see, know and how they interact with customers on a working basis.\n\nMicrosoft defines 'customer' to meet these objectives.    When we look out into the real world we see two dominant types of customers:  human beings and legal entities.     \n\nHuman beings are obviously male and female individuals of various ages, sex, demographics and a variety of similar dimensions that describe and define them who purchase products, good and services.    \n\nLegal entities are those legally-defined entities such as corporations, partnerships, non-profit organizations, government organizations etc. that purchase products, goods and services.\n\nThis view of 'customer' is consistent with the real world and consistent with how employees view and interact with customers.\n\nOf course, that is just the start of identifying, defining and understanding each type of 'customer'.     There is a great deal of detail, complexity and related data that can be used to define each type of customer to various levels of detail and different dimensions of information.\n\nMicrosoft implements these detailed concepts and related data via two distinct business area models that expand the coverage and complexity of each type of customer:\n\n-  INDIVIDUAL CUSTOMER Business Area Model\n-  LEGAL ENTITY CUSTOMER Business Area Model\n\nNote:\nEach of the Microsoft models - enterprise, business area or data warehouse - have a representative level of detail for the appropriate type of customer, which is a 'subset' of the total data available in the associated INDIVIDUAL CUSTOMER or LEGAL ENTITY CUSTOMER business area models..   Reference either of those models to expand the coverage or level of detail in each respective data model.\n\nThe actual customer implemented in each model depends upon the dominant use of customer for that industry.     \n\nFor example, in the pharmaceutical industry the customer is a legal entity, which represents another corporation, company, government organization etc. that purchases the pharmaceutical product and then distributes that product to the end-customer, which is an individual in a retail environment or a government-distribution scheme.    \n\nFor this example, the pharmaceutical models will have the legal entity customer represented but not the individual 'end customer' since that is represented in the appropriate retail industry models, which are a different offering.     \n\nOf course, the entire set of data available for a legal entity customer is contained in the associated LEGAL ENTITY CUSTOMER Business Area Model.   Reference the LEGAL ENTITY CUSTOMER Business Area Model to incorporate additional data that may be of relevance.\n\nIn many industries both types of customers are represented since a legal entity or individual can purchase products, goods or services and enter into contracts.    For these industries, both types of customers are represented by some of the more significant or relevant data derived from the associated LEGAL ENTITY or INDIVIDUAL CUSTOMER business area models.   These models can be used to expand the scope or level of detail in any of the enterprise, business area or data warehouse models.",
		"EntityType": "TABLE",
		"TableType": "EXTERNAL",
		"Origin": {
			"Type": "SPARK"
		},
		"StorageDescriptor": {
			"Columns": [
				{
					"Name": "CustomerId",
					"Description": "The unique identifier of a Customer.",
					"BaseAttributeReference": {
						"Entity": "Customer.cdm.json/Customer",
						"Name": "CustomerId"
					},
					"OriginDataTypeName": {
						"TypeName": "long",
						"IsComplexType": false,
						"IsNullable": false,
						"Properties": {
							"HIVE_TYPE_STRING": "long"
						}
					}
				},
				{
					"Name": "CustomerEstablishedDate",
					"Description": "The date that the Customer relationship was established.",
					"BaseAttributeReference": {
						"Entity": "Customer.cdm.json/Customer",
						"Name": "CustomerEstablishedDate"
					},
					"OriginDataTypeName": {
						"TypeName": "date",
						"IsComplexType": false,
						"IsNullable": true,
						"Properties": {
							"DateFormat": "YYYY-MM-DD",
							"HIVE_TYPE_STRING": "date"
						}
					}
				},
				{
					"Name": "CustomerTypeId",
					"Description": "The unique identifier of a Customer Type.",
					"BaseAttributeReference": {
						"Entity": "Customer.cdm.json/Customer",
						"Name": "CustomerTypeId"
					},
					"OriginDataTypeName": {
						"TypeName": "integer",
						"IsComplexType": false,
						"IsNullable": true,
						"Properties": {
							"HIVE_TYPE_STRING": "integer"
						}
					}
				},
				{
					"Name": "ResponsibilityCenterId",
					"Description": "The unique identifier of a Responsibility Center.",
					"BaseAttributeReference": {
						"Entity": "Customer.cdm.json/Customer",
						"Name": "ResponsibilityCenterId"
					},
					"OriginDataTypeName": {
						"TypeName": "integer",
						"IsComplexType": false,
						"IsNullable": true,
						"Properties": {
							"HIVE_TYPE_STRING": "integer"
						}
					}
				},
				{
					"Name": "LedgerId",
					"Description": "The unique identifier of a Ledger.",
					"BaseAttributeReference": {
						"Entity": "Customer.cdm.json/Customer",
						"Name": "LedgerId"
					},
					"OriginDataTypeName": {
						"TypeName": "integer",
						"IsComplexType": false,
						"IsNullable": true,
						"Properties": {
							"HIVE_TYPE_STRING": "integer"
						}
					}
				},
				{
					"Name": "LedgerAccountNumber",
					"Description": "The unique identifier of a Ledger Account.",
					"BaseAttributeReference": {
						"Entity": "Customer.cdm.json/Customer",
						"Name": "LedgerAccountNumber"
					},
					"OriginDataTypeName": {
						"TypeName": "string",
						"IsComplexType": false,
						"IsNullable": true,
						"Length": 16,
						"Properties": {
							"HIVE_TYPE_STRING": "string"
						}
					}
				},
				{
					"Name": "CustomerNote",
					"Description": "A note, comment or additional information regarding the Customer.",
					"BaseAttributeReference": {
						"Entity": "Customer.cdm.json/Customer",
						"Name": "CustomerNote"
					},
					"OriginDataTypeName": {
						"TypeName": "string",
						"IsComplexType": false,
						"IsNullable": true,
						"Length": 1024,
						"Properties": {
							"HIVE_TYPE_STRING": "string"
						}
					}
				},
				{
					"Name": "PartyId",
					"Description": "The unique identifier of a Party.",
					"BaseAttributeReference": {
						"Entity": "Customer.cdm.json/Customer",
						"Name": "PartyId"
					},
					"OriginDataTypeName": {
						"TypeName": "long",
						"IsComplexType": false,
						"IsNullable": true,
						"Properties": {
							"HIVE_TYPE_STRING": "long"
						}
					}
				},
				{
					"Name": "GlobalLocationNumber",
					"Description": "The Global Location Number (GLN) is a simple tool used to uniquely identify locations. It can be used to identify physical locations such as a warehouse, legal entities, or a function / department within a legal entity. The GLN is part of the GS1 system of standards.",
					"BaseAttributeReference": {
						"Entity": "Customer.cdm.json/Customer",
						"Name": "GlobalLocationNumber"
					},
					"OriginDataTypeName": {
						"TypeName": "decimal",
						"IsComplexType": false,
						"IsNullable": true,
						"Precision": 13,
						"Scale": 0,
						"Properties": {
							"HIVE_TYPE_STRING": "decimal"
						}
					}
				}
			],
			"Format": {
				"InputFormat": "org.apache.hadoop.mapred.SequenceFileInputFormat",
				"OutputFormat": "org.apache.hadoop.hive.ql.io.HiveSequenceFileOutputFormat",
				"FormatType": "csv",
				"SerializeLib": "org.apache.hadoop.hive.serde2.lazy.LazySimpleSerDe",
				"Properties": {
					"path": "abfss://filesystem@aamerriladls.dfs.core.windows.net/tcsSource/Customer",
					"delimiter": ",",
					"firstRowAsHeader": "false",
					"serialization.format": "1",
					"escape": "\\",
					"FormatTypeSetToDatabaseDefault": true,
					"header": "false"
				}
			},
			"Source": {
				"Provider": "ADLS",
				"Location": "abfss://filesystem@aamerriladls.dfs.core.windows.net/tcsSource/Customer",
				"Properties": {
					"LinkedServiceName": "AzureDataLakeStorage1",
					"LocationSetToDatabaseDefault": true
				}
			},
			"Properties": {
				"textinputformat.record.delimiter": ",",
				"compression": "{\"type\":\"None\",\"level\":\"optimal\"}",
				"derivedModelAttributeInfo": "{\"attributeReferences\":{\"CustomerId\":{\"entity\":\"Customer.cdm.json/Customer\",\"name\":\"CustomerId\"},\"CustomerEstablishedDate\":{\"entity\":\"Customer.cdm.json/Customer\",\"name\":\"CustomerEstablishedDate\"},\"CustomerTypeId\":{\"entity\":\"Customer.cdm.json/Customer\",\"name\":\"CustomerTypeId\"},\"ResponsibilityCenterId\":{\"entity\":\"Customer.cdm.json/Customer\",\"name\":\"ResponsibilityCenterId\"},\"LedgerId\":{\"entity\":\"Customer.cdm.json/Customer\",\"name\":\"LedgerId\"},\"LedgerAccountNumber\":{\"entity\":\"Customer.cdm.json/Customer\",\"name\":\"LedgerAccountNumber\"},\"CustomerNote\":{\"entity\":\"Customer.cdm.json/Customer\",\"name\":\"CustomerNote\"},\"PartyId\":{\"entity\":\"Customer.cdm.json/Customer\",\"name\":\"PartyId\"},\"GlobalLocationNumber\":{\"entity\":\"Customer.cdm.json/Customer\",\"name\":\"GlobalLocationNumber\"}}}"
			},
			"Compressed": false,
			"IsStoredAsSubdirectories": false
		},
		"Properties": {
			"DerivedModelEntityInfo": "{\"entityDirectives\":{\"baseEntityReference\":{\"name\":\"Customer\",\"path\":\"Customer.cdm.json/Customer\"},\"description\":\"A customer is an individual or legal entity that has or has purchased a product or service.\\n\\nA potential customer is an individual or legal entity that has the desire to acquire a product or service, the financial ability to pay for that product or service and is located in a location in which the product or service can be delivered to them.\\n\\nThe definition of 'customer' is of critical importance for every organization.    \\n\\nIt is the customer that is the focus of product planning, marketing, sales, service, reporting and analytics.    Without 'customer' there would be no need for the organization to exist since its purpose is to serve the customer and profit from that interaction.\\n\\nThe definition of 'customer' must be consistent with how customers exist and interact with the organization in the real world.  An artificial or conceptual definition of 'customer' that is not consistent with these two objectives is doomed to fail because the data will not be consistent with the definition and employees will not accept concepts or terms that are not consistent with what they see, know and how they interact with customers on a working basis.\\n\\nMicrosoft defines 'customer' to meet these objectives.    When we look out into the real world we see two dominant types of customers:  human beings and legal entities.     \\n\\nHuman beings are obviously male and female individuals of various ages, sex, demographics and a variety of similar dimensions that describe and define them who purchase products, good and services.    \\n\\nLegal entities are those legally-defined entities such as corporations, partnerships, non-profit organizations, government organizations etc. that purchase products, goods and services.\\n\\nThis view of 'customer' is consistent with the real world and consistent with how employees view and interact with customers.\\n\\nOf course, that is just the start of identifying, defining and understanding each type of 'customer'.     There is a great deal of detail, complexity and related data that can be used to define each type of customer to various levels of detail and different dimensions of information.\\n\\nMicrosoft implements these detailed concepts and related data via two distinct business area models that expand the coverage and complexity of each type of customer:\\n\\n-  INDIVIDUAL CUSTOMER Business Area Model\\n-  LEGAL ENTITY CUSTOMER Business Area Model\\n\\nNote:\\nEach of the Microsoft models - enterprise, business area or data warehouse - have a representative level of detail for the appropriate type of customer, which is a 'subset' of the total data available in the associated INDIVIDUAL CUSTOMER or LEGAL ENTITY CUSTOMER business area models..   Reference either of those models to expand the coverage or level of detail in each respective data model.\\n\\nThe actual customer implemented in each model depends upon the dominant use of customer for that industry.     \\n\\nFor example, in the pharmaceutical industry the customer is a legal entity, which represents another corporation, company, government organization etc. that purchases the pharmaceutical product and then distributes that product to the end-customer, which is an individual in a retail environment or a government-distribution scheme.    \\n\\nFor this example, the pharmaceutical models will have the legal entity customer represented but not the individual 'end customer' since that is represented in the appropriate retail industry models, which are a different offering.     \\n\\nOf course, the entire set of data available for a legal entity customer is contained in the associated LEGAL ENTITY CUSTOMER Business Area Model.   Reference the LEGAL ENTITY CUSTOMER Business Area Model to incorporate additional data that may be of relevance.\\n\\nIn many industries both types of customers are represented since a legal entity or individual can purchase products, goods or services and enter into contracts.    For these industries, both types of customers are represented by some of the more significant or relevant data derived from the associated LEGAL ENTITY or INDIVIDUAL CUSTOMER business area models.   These models can be used to expand the scope or level of detail in any of the enterprise, business area or data warehouse models.\",\"primaryKey\":[\"CustomerId\"],\"projectionInfo\":{\"attributes\":[{\"type\":\"Existing\",\"name\":\"CustomerId\",\"attributeReference\":{\"entity\":\"Customer.cdm.json/Customer\",\"name\":\"CustomerId\"},\"dataType\":\"long\"},{\"type\":\"Existing\",\"name\":\"CustomerEstablishedDate\",\"attributeReference\":{\"entity\":\"Customer.cdm.json/Customer\",\"name\":\"CustomerEstablishedDate\"},\"dataType\":\"date\",\"dateFormat\":\"YYYY-MM-DD\"},{\"type\":\"Existing\",\"name\":\"CustomerTypeId\",\"attributeReference\":{\"entity\":\"Customer.cdm.json/Customer\",\"name\":\"CustomerTypeId\"},\"dataType\":\"integer\"},{\"type\":\"Existing\",\"name\":\"ResponsibilityCenterId\",\"attributeReference\":{\"entity\":\"Customer.cdm.json/Customer\",\"name\":\"ResponsibilityCenterId\"},\"dataType\":\"integer\"},{\"type\":\"Existing\",\"name\":\"LedgerId\",\"attributeReference\":{\"entity\":\"Customer.cdm.json/Customer\",\"name\":\"LedgerId\"},\"dataType\":\"integer\"},{\"type\":\"Existing\",\"name\":\"LedgerAccountNumber\",\"attributeReference\":{\"entity\":\"Customer.cdm.json/Customer\",\"name\":\"LedgerAccountNumber\"},\"dataType\":\"string\",\"dataTypeLength\":16},{\"type\":\"Existing\",\"name\":\"CustomerNote\",\"attributeReference\":{\"entity\":\"Customer.cdm.json/Customer\",\"name\":\"CustomerNote\"},\"dataType\":\"string\",\"dataTypeLength\":1024},{\"type\":\"Existing\",\"name\":\"PartyId\",\"attributeReference\":{\"entity\":\"Customer.cdm.json/Customer\",\"name\":\"PartyId\"},\"dataType\":\"long\"},{\"type\":\"Existing\",\"name\":\"GlobalLocationNumber\",\"attributeReference\":{\"entity\":\"Customer.cdm.json/Customer\",\"name\":\"GlobalLocationNumber\"},\"dataType\":\"decimal\",\"dataTypeLength\":13,\"scale\":0}]}}}",
			"Description": "A customer is an individual or legal entity that has or has purchased a product or service.\n\nA potential customer is an individual or legal entity that has the desire to acquire a product or service, the financial ability to pay for that product or service and is located in a location in which the product or service can be delivered to them.\n\nThe definition of 'customer' is of critical importance for every organization.    \n\nIt is the customer that is the focus of product planning, marketing, sales, service, reporting and analytics.    Without 'customer' there would be no need for the organization to exist since its purpose is to serve the customer and profit from that interaction.\n\nThe definition of 'customer' must be consistent with how customers exist and interact with the organization in the real world.  An artificial or conceptual definition of 'customer' that is not consistent with these two objectives is doomed to fail because the data will not be consistent with the definition and employees will not accept concepts or terms that are not consistent with what they see, know and how they interact with customers on a working basis.\n\nMicrosoft defines 'customer' to meet these objectives.    When we look out into the real world we see two dominant types of customers:  human beings and legal entities.     \n\nHuman beings are obviously male and female individuals of various ages, sex, demographics and a variety of similar dimensions that describe and define them who purchase products, good and services.    \n\nLegal entities are those legally-defined entities such as corporations, partnerships, non-profit organizations, government organizations etc. that purchase products, goods and services.\n\nThis view of 'customer' is consistent with the real world and consistent with how employees view and interact with customers.\n\nOf course, that is just the start of identifying, defining and understanding each type of 'customer'.     There is a great deal of detail, complexity and related data that can be used to define each type of customer to various levels of detail and different dimensions of information.\n\nMicrosoft implements these detailed concepts and related data via two distinct business area models that expand the coverage and complexity of each type of customer:\n\n-  INDIVIDUAL CUSTOMER Business Area Model\n-  LEGAL ENTITY CUSTOMER Business Area Model\n\nNote:\nEach of the Microsoft models - enterprise, business area or data warehouse - have a representative level of detail for the appropriate type of customer, which is a 'subset' of the total data available in the associated INDIVIDUAL CUSTOMER or LEGAL ENTITY CUSTOMER business area models..   Reference either of those models to expand the coverage or level of detail in each respective data model.\n\nThe actual customer implemented in each model depends upon the dominant use of customer for that industry.     \n\nFor example, in the pharmaceutical industry the customer is a legal entity, which represents another corporation, company, government organization etc. that purchases the pharmaceutical product and then distributes that product to the end-customer, which is an individual in a retail environment or a government-distribution scheme.    \n\nFor this example, the pharmaceutical models will have the legal entity customer represented but not the individual 'end customer' since that is represented in the appropriate retail industry models, which are a different offering.     \n\nOf course, the entire set of data available for a legal entity customer is contained in the associated LEGAL ENTITY CUSTOMER Business Area Model.   Reference the LEGAL ENTITY CUSTOMER Business Area Model to incorporate additional data that may be of relevance.\n\nIn many industries both types of customers are represented since a legal entity or individual can purchase products, goods or services and enter into contracts.    For these industries, both types of customers are represented by some of the more significant or relevant data derived from the associated LEGAL ENTITY or INDIVIDUAL CUSTOMER business area models.   These models can be used to expand the scope or level of detail in any of the enterprise, business area or data warehouse models.",
			"DisplayFolderInfo": "{\"name\":\"Customer\",\"colorCode\":\"#001475\"}",
			"PrimaryKeys": "CustomerId",
			"spark.sql.sources.provider": "csv"
		},
		"Retention": 0,
		"Temporary": false,
		"IsRewriteEnabled": false
	},
	"type": "TABLE"
}