{
	"name": "Location",
	"properties": {
		"Namespace": {
			"DatabaseName": "tcsSource"
		},
		"Name": "Location",
		"Description": "A location is a physical point that can be defined as a single latitude / longitude. A location can be used to describe:\n\n- the address of a physical structure\n- the location of a business or service\n- the location of a component\n- the delivery location for a shipment or mail",
		"EntityType": "TABLE",
		"TableType": "EXTERNAL",
		"Origin": {
			"Type": "SPARK"
		},
		"StorageDescriptor": {
			"Columns": [
				{
					"Name": "LocationId",
					"Description": "The unique identifier of a Location.",
					"BaseAttributeReference": {
						"Entity": "Location.cdm.json/Location",
						"Name": "LocationId"
					},
					"OriginDataTypeName": {
						"TypeName": "integer",
						"IsComplexType": false,
						"IsNullable": false,
						"Properties": {
							"HIVE_TYPE_STRING": "integer"
						}
					}
				},
				{
					"Name": "LocationName",
					"Description": "The name of a location.",
					"BaseAttributeReference": {
						"Entity": "Location.cdm.json/Location",
						"Name": "LocationName"
					},
					"OriginDataTypeName": {
						"TypeName": "string",
						"IsComplexType": false,
						"IsNullable": true,
						"Length": 128,
						"Properties": {
							"HIVE_TYPE_STRING": "string"
						}
					}
				},
				{
					"Name": "LocationDescription",
					"Description": "The description of a location.",
					"BaseAttributeReference": {
						"Entity": "Location.cdm.json/Location",
						"Name": "LocationDescription"
					},
					"OriginDataTypeName": {
						"TypeName": "string",
						"IsComplexType": false,
						"IsNullable": true,
						"Length": 512,
						"Properties": {
							"HIVE_TYPE_STRING": "string"
						}
					}
				},
				{
					"Name": "LocationAddressLine1",
					"Description": "The 'street' component of a location. Includes street name, apartment, suite number or PO Box.",
					"BaseAttributeReference": {
						"Entity": "Location.cdm.json/Location",
						"Name": "LocationAddressLine1"
					},
					"OriginDataTypeName": {
						"TypeName": "string",
						"IsComplexType": false,
						"IsNullable": true,
						"Length": 512,
						"Properties": {
							"HIVE_TYPE_STRING": "string"
						}
					}
				},
				{
					"Name": "LocationAddressLine2",
					"Description": "The 'street' component of a location. Includes street name, apartment, suite number or PO Box.",
					"BaseAttributeReference": {
						"Entity": "Location.cdm.json/Location",
						"Name": "LocationAddressLine2"
					},
					"OriginDataTypeName": {
						"TypeName": "string",
						"IsComplexType": false,
						"IsNullable": true,
						"Length": 512,
						"Properties": {
							"HIVE_TYPE_STRING": "string"
						}
					}
				},
				{
					"Name": "LocationCity",
					"Description": "The 'city' component of a location.",
					"BaseAttributeReference": {
						"Entity": "Location.cdm.json/Location",
						"Name": "LocationCity"
					},
					"OriginDataTypeName": {
						"TypeName": "string",
						"IsComplexType": false,
						"IsNullable": true,
						"Length": 128,
						"Properties": {
							"HIVE_TYPE_STRING": "string"
						}
					}
				},
				{
					"Name": "LocationStateId",
					"Description": "The unique identifier of the State = State Code.\n\nA two-digit FIPS code assigned by the NIST to identify each State and statistically equivalent entity. The NIST assigns the codes based on the alphabetic sequence of State names (Puerto Rico and the Outlying Areas appear at the end); it documents these codes in a FIPS publication (FIPS PUB 5). Also, a two-digit code assigned by the Census Bureau to identify each State within its census geographic division (Puerto Rico and the Outlying Areas appear at the end).",
					"BaseAttributeReference": {
						"Entity": "Location.cdm.json/Location",
						"Name": "LocationStateId"
					},
					"OriginDataTypeName": {
						"TypeName": "integer",
						"IsComplexType": false,
						"IsNullable": true,
						"Properties": {
							"HIVE_TYPE_STRING": "integer"
						}
					}
				},
				{
					"Name": "LocationZipCode",
					"Description": "The unique identifier of a Zip Code.",
					"BaseAttributeReference": {
						"Entity": "Location.cdm.json/Location",
						"Name": "LocationZipCode"
					},
					"OriginDataTypeName": {
						"TypeName": "decimal",
						"IsComplexType": false,
						"IsNullable": true,
						"Precision": 11,
						"Scale": 0,
						"Properties": {
							"HIVE_TYPE_STRING": "decimal"
						}
					}
				},
				{
					"Name": "LocationNote",
					"Description": "Notes, comments or additional information about the location. The note could be used to describe access to the location as well as any hazardous conditions that might exist at the location.",
					"BaseAttributeReference": {
						"Entity": "Location.cdm.json/Location",
						"Name": "LocationNote"
					},
					"OriginDataTypeName": {
						"TypeName": "string",
						"IsComplexType": false,
						"IsNullable": true,
						"Length": 1024,
						"Properties": {
							"HIVE_TYPE_STRING": "string"
						}
					}
				},
				{
					"Name": "LocationLatitude",
					"Description": "The location north or south in reference to the equator, which is designated at zero (0) degrees. Parallel lines that circle the globe both north and south of the equator. \n\nLatitude is often measured in degrees, minutes, seconds (ddd mm ss), but other formats are also commonly used: gps coordinate (ddd mm.mmmm), decimal degrees (ddd.dddd).",
					"BaseAttributeReference": {
						"Entity": "Location.cdm.json/Location",
						"Name": "LocationLatitude"
					},
					"OriginDataTypeName": {
						"TypeName": "decimal",
						"IsComplexType": false,
						"IsNullable": true,
						"Precision": 7,
						"Scale": 4,
						"Properties": {
							"HIVE_TYPE_STRING": "decimal"
						}
					}
				},
				{
					"Name": "LocationLongitude",
					"Description": "The location east or west in reference to the Prime Meridian, which is designated as zero (0) degrees longitude. The distance between lines of longitude are greater at the equator and smaller at the higher latitudes, intersecting at the earth's North and South Poles. Time zones are correlated to longitude.\n\nLongitude is often measured in degrees, minutes, seconds (ddd mm ss), but other formats are also commonly used: gps coordinate (ddd mm.mmmm), decimal degrees (ddd.dddd).",
					"BaseAttributeReference": {
						"Entity": "Location.cdm.json/Location",
						"Name": "LocationLongitude"
					},
					"OriginDataTypeName": {
						"TypeName": "decimal",
						"IsComplexType": false,
						"IsNullable": true,
						"Precision": 7,
						"Scale": 4,
						"Properties": {
							"HIVE_TYPE_STRING": "decimal"
						}
					}
				},
				{
					"Name": "LocationDatum",
					"Description": "Latitude and longitude are based on a datum.  A datum is a reference point, surface or axis against which measurements are made.\n\nDifferent datums can be used for determining the latitude and longitude. If different datums are used the latitude and longitude for a single point (location) may be different.\n\nWGS 84 is a datum that is used on most GPS equipment.",
					"BaseAttributeReference": {
						"Entity": "Location.cdm.json/Location",
						"Name": "LocationDatum"
					},
					"OriginDataTypeName": {
						"TypeName": "string",
						"IsComplexType": false,
						"IsNullable": true,
						"Length": 5,
						"Properties": {
							"HIVE_TYPE_STRING": "string"
						}
					}
				},
				{
					"Name": "LocationElevation",
					"Description": "The distance above sea level of this location at ground level.",
					"BaseAttributeReference": {
						"Entity": "Location.cdm.json/Location",
						"Name": "LocationElevation"
					},
					"OriginDataTypeName": {
						"TypeName": "integer",
						"IsComplexType": false,
						"IsNullable": true,
						"Properties": {
							"HIVE_TYPE_STRING": "integer"
						}
					}
				},
				{
					"Name": "LocationElevationUnitOfMeasureId",
					"Description": "The elevation unit of measurement.",
					"BaseAttributeReference": {
						"Entity": "Location.cdm.json/Location",
						"Name": "LocationElevationUnitOfMeasureId"
					},
					"OriginDataTypeName": {
						"TypeName": "integer",
						"IsComplexType": false,
						"IsNullable": true,
						"Properties": {
							"HIVE_TYPE_STRING": "integer"
						}
					}
				},
				{
					"Name": "GlobalLocationNumber",
					"Description": "The Global Location Number (GLN) is a simple tool used to uniquely identify locations. It can be used to identify physical locations such as a warehouse, legal entities, or a function / department within a legal entity. The GLN is part of the GS1 system of standards.",
					"BaseAttributeReference": {
						"Entity": "Location.cdm.json/Location",
						"Name": "GlobalLocationNumber"
					},
					"OriginDataTypeName": {
						"TypeName": "decimal",
						"IsComplexType": false,
						"IsNullable": true,
						"Precision": 13,
						"Scale": 0,
						"Properties": {
							"HIVE_TYPE_STRING": "decimal"
						}
					}
				},
				{
					"Name": "TimezoneId",
					"Description": "The unique identifier of a timezone.",
					"BaseAttributeReference": {
						"Entity": "Location.cdm.json/Location",
						"Name": "TimezoneId"
					},
					"OriginDataTypeName": {
						"TypeName": "integer",
						"IsComplexType": false,
						"IsNullable": true,
						"Properties": {
							"HIVE_TYPE_STRING": "integer"
						}
					}
				},
				{
					"Name": "DaylightSavingsTimeObservedIndicator",
					"Description": "Indicates whether daylight savings time (DST) is observed at this location.",
					"BaseAttributeReference": {
						"Entity": "Location.cdm.json/Location",
						"Name": "DaylightSavingsTimeObservedIndicator"
					},
					"OriginDataTypeName": {
						"TypeName": "boolean",
						"IsComplexType": false,
						"IsNullable": true,
						"Properties": {
							"HIVE_TYPE_STRING": "boolean"
						}
					}
				},
				{
					"Name": "CountryId",
					"Description": "The unique identifier of the Country.",
					"BaseAttributeReference": {
						"Entity": "Location.cdm.json/Location",
						"Name": "CountryId"
					},
					"OriginDataTypeName": {
						"TypeName": "integer",
						"IsComplexType": false,
						"IsNullable": true,
						"Properties": {
							"HIVE_TYPE_STRING": "integer"
						}
					}
				},
				{
					"Name": "SubdivisionId",
					"Description": "The unique identifier of the Country Subdivision.",
					"BaseAttributeReference": {
						"Entity": "Location.cdm.json/Location",
						"Name": "SubdivisionId"
					},
					"OriginDataTypeName": {
						"TypeName": "integer",
						"IsComplexType": false,
						"IsNullable": true,
						"Properties": {
							"HIVE_TYPE_STRING": "integer"
						}
					}
				}
			],
			"Format": {
				"InputFormat": "org.apache.hadoop.mapred.SequenceFileInputFormat",
				"OutputFormat": "org.apache.hadoop.hive.ql.io.HiveSequenceFileOutputFormat",
				"FormatType": "csv",
				"SerializeLib": "org.apache.hadoop.hive.serde2.lazy.LazySimpleSerDe",
				"Properties": {
					"path": "abfss://filesystem@aamerriladls.dfs.core.windows.net/tcsSource/Location",
					"delimiter": ",",
					"firstRowAsHeader": "false",
					"serialization.format": "1",
					"escape": "\\",
					"FormatTypeSetToDatabaseDefault": true,
					"header": "false"
				}
			},
			"Source": {
				"Provider": "ADLS",
				"Location": "abfss://filesystem@aamerriladls.dfs.core.windows.net/tcsSource/Location",
				"Properties": {
					"LinkedServiceName": "AzureDataLakeStorage1",
					"LocationSetToDatabaseDefault": true
				}
			},
			"Properties": {
				"textinputformat.record.delimiter": ",",
				"compression": "{\"type\":\"None\",\"level\":\"optimal\"}",
				"derivedModelAttributeInfo": "{\"attributeReferences\":{\"LocationId\":{\"entity\":\"Location.cdm.json/Location\",\"name\":\"LocationId\"},\"LocationName\":{\"entity\":\"Location.cdm.json/Location\",\"name\":\"LocationName\"},\"LocationDescription\":{\"entity\":\"Location.cdm.json/Location\",\"name\":\"LocationDescription\"},\"LocationAddressLine1\":{\"entity\":\"Location.cdm.json/Location\",\"name\":\"LocationAddressLine1\"},\"LocationAddressLine2\":{\"entity\":\"Location.cdm.json/Location\",\"name\":\"LocationAddressLine2\"},\"LocationCity\":{\"entity\":\"Location.cdm.json/Location\",\"name\":\"LocationCity\"},\"LocationStateId\":{\"entity\":\"Location.cdm.json/Location\",\"name\":\"LocationStateId\"},\"LocationZipCode\":{\"entity\":\"Location.cdm.json/Location\",\"name\":\"LocationZipCode\"},\"LocationNote\":{\"entity\":\"Location.cdm.json/Location\",\"name\":\"LocationNote\"},\"LocationLatitude\":{\"entity\":\"Location.cdm.json/Location\",\"name\":\"LocationLatitude\"},\"LocationLongitude\":{\"entity\":\"Location.cdm.json/Location\",\"name\":\"LocationLongitude\"},\"LocationDatum\":{\"entity\":\"Location.cdm.json/Location\",\"name\":\"LocationDatum\"},\"LocationElevation\":{\"entity\":\"Location.cdm.json/Location\",\"name\":\"LocationElevation\"},\"LocationElevationUnitOfMeasureId\":{\"entity\":\"Location.cdm.json/Location\",\"name\":\"LocationElevationUnitOfMeasureId\"},\"GlobalLocationNumber\":{\"entity\":\"Location.cdm.json/Location\",\"name\":\"GlobalLocationNumber\"},\"TimezoneId\":{\"entity\":\"Location.cdm.json/Location\",\"name\":\"TimezoneId\"},\"DaylightSavingsTimeObservedIndicator\":{\"entity\":\"Location.cdm.json/Location\",\"name\":\"DaylightSavingsTimeObservedIndicator\"},\"CountryId\":{\"entity\":\"Location.cdm.json/Location\",\"name\":\"CountryId\"},\"SubdivisionId\":{\"entity\":\"Location.cdm.json/Location\",\"name\":\"SubdivisionId\"}}}"
			},
			"Compressed": false,
			"IsStoredAsSubdirectories": false
		},
		"Properties": {
			"DerivedModelEntityInfo": "{\"entityDirectives\":{\"baseEntityReference\":{\"name\":\"Location\",\"path\":\"Location.cdm.json/Location\"},\"description\":\"A location is a physical point that can be defined as a single latitude / longitude. A location can be used to describe:\\n\\n- the address of a physical structure\\n- the location of a business or service\\n- the location of a component\\n- the delivery location for a shipment or mail\",\"primaryKey\":[\"LocationId\"],\"projectionInfo\":{\"attributes\":[{\"type\":\"Existing\",\"name\":\"LocationId\",\"attributeReference\":{\"entity\":\"Location.cdm.json/Location\",\"name\":\"LocationId\"},\"dataType\":\"integer\"},{\"type\":\"Existing\",\"name\":\"LocationName\",\"attributeReference\":{\"entity\":\"Location.cdm.json/Location\",\"name\":\"LocationName\"},\"dataType\":\"string\",\"dataTypeLength\":128},{\"type\":\"Existing\",\"name\":\"LocationDescription\",\"attributeReference\":{\"entity\":\"Location.cdm.json/Location\",\"name\":\"LocationDescription\"},\"dataType\":\"string\",\"dataTypeLength\":512},{\"type\":\"Existing\",\"name\":\"LocationAddressLine1\",\"attributeReference\":{\"entity\":\"Location.cdm.json/Location\",\"name\":\"LocationAddressLine1\"},\"dataType\":\"string\",\"dataTypeLength\":512},{\"type\":\"Existing\",\"name\":\"LocationAddressLine2\",\"attributeReference\":{\"entity\":\"Location.cdm.json/Location\",\"name\":\"LocationAddressLine2\"},\"dataType\":\"string\",\"dataTypeLength\":512},{\"type\":\"Existing\",\"name\":\"LocationCity\",\"attributeReference\":{\"entity\":\"Location.cdm.json/Location\",\"name\":\"LocationCity\"},\"dataType\":\"string\",\"dataTypeLength\":128},{\"type\":\"Existing\",\"name\":\"LocationStateId\",\"attributeReference\":{\"entity\":\"Location.cdm.json/Location\",\"name\":\"LocationStateId\"},\"dataType\":\"integer\"},{\"type\":\"Existing\",\"name\":\"LocationZipCode\",\"attributeReference\":{\"entity\":\"Location.cdm.json/Location\",\"name\":\"LocationZipCode\"},\"dataType\":\"decimal\",\"dataTypeLength\":11,\"scale\":0},{\"type\":\"Existing\",\"name\":\"LocationNote\",\"attributeReference\":{\"entity\":\"Location.cdm.json/Location\",\"name\":\"LocationNote\"},\"dataType\":\"string\",\"dataTypeLength\":1024},{\"type\":\"Existing\",\"name\":\"LocationLatitude\",\"attributeReference\":{\"entity\":\"Location.cdm.json/Location\",\"name\":\"LocationLatitude\"},\"dataType\":\"decimal\",\"dataTypeLength\":7,\"scale\":4},{\"type\":\"Existing\",\"name\":\"LocationLongitude\",\"attributeReference\":{\"entity\":\"Location.cdm.json/Location\",\"name\":\"LocationLongitude\"},\"dataType\":\"decimal\",\"dataTypeLength\":7,\"scale\":4},{\"type\":\"Existing\",\"name\":\"LocationDatum\",\"attributeReference\":{\"entity\":\"Location.cdm.json/Location\",\"name\":\"LocationDatum\"},\"dataType\":\"string\",\"dataTypeLength\":5},{\"type\":\"Existing\",\"name\":\"LocationElevation\",\"attributeReference\":{\"entity\":\"Location.cdm.json/Location\",\"name\":\"LocationElevation\"},\"dataType\":\"integer\"},{\"type\":\"Existing\",\"name\":\"LocationElevationUnitOfMeasureId\",\"attributeReference\":{\"entity\":\"Location.cdm.json/Location\",\"name\":\"LocationElevationUnitOfMeasureId\"},\"dataType\":\"integer\"},{\"type\":\"Existing\",\"name\":\"GlobalLocationNumber\",\"attributeReference\":{\"entity\":\"Location.cdm.json/Location\",\"name\":\"GlobalLocationNumber\"},\"dataType\":\"decimal\",\"dataTypeLength\":13,\"scale\":0},{\"type\":\"Existing\",\"name\":\"TimezoneId\",\"attributeReference\":{\"entity\":\"Location.cdm.json/Location\",\"name\":\"TimezoneId\"},\"dataType\":\"integer\"},{\"type\":\"Existing\",\"name\":\"DaylightSavingsTimeObservedIndicator\",\"attributeReference\":{\"entity\":\"Location.cdm.json/Location\",\"name\":\"DaylightSavingsTimeObservedIndicator\"},\"dataType\":\"boolean\"},{\"type\":\"Existing\",\"name\":\"CountryId\",\"attributeReference\":{\"entity\":\"Location.cdm.json/Location\",\"name\":\"CountryId\"},\"dataType\":\"integer\"},{\"type\":\"Existing\",\"name\":\"SubdivisionId\",\"attributeReference\":{\"entity\":\"Location.cdm.json/Location\",\"name\":\"SubdivisionId\"},\"dataType\":\"integer\"}]}}}",
			"Description": "A location is a physical point that can be defined as a single latitude / longitude. A location can be used to describe:\n\n- the address of a physical structure\n- the location of a business or service\n- the location of a component\n- the delivery location for a shipment or mail",
			"DisplayFolderInfo": "{\"name\":\"Geography\",\"colorCode\":\"#8170C2\"}",
			"PrimaryKeys": "LocationId",
			"spark.sql.sources.provider": "csv"
		},
		"Retention": 0,
		"Temporary": false,
		"IsRewriteEnabled": false
	},
	"type": "TABLE"
}