{
	"name": "MarketingEvent",
	"properties": {
		"Namespace": {
			"DatabaseName": "tcsSource"
		},
		"Name": "MarketingEvent",
		"Description": "A specific marketing event to support the objectives and goals of the associated Marketing Campaign.",
		"EntityType": "TABLE",
		"TableType": "EXTERNAL",
		"Origin": {
			"Type": "SPARK"
		},
		"StorageDescriptor": {
			"Columns": [
				{
					"Name": "MarketingEventId",
					"Description": "The unique identifier of a Marketing Event.",
					"BaseAttributeReference": {
						"Entity": "MarketingEvent.cdm.json/MarketingEvent",
						"Name": "MarketingEventId"
					},
					"OriginDataTypeName": {
						"TypeName": "integer",
						"IsComplexType": false,
						"IsNullable": false,
						"Properties": {
							"HIVE_TYPE_STRING": "integer"
						}
					}
				},
				{
					"Name": "MarketingEventName",
					"Description": "The name of the Marketing Event.",
					"BaseAttributeReference": {
						"Entity": "MarketingEvent.cdm.json/MarketingEvent",
						"Name": "MarketingEventName"
					},
					"OriginDataTypeName": {
						"TypeName": "string",
						"IsComplexType": false,
						"IsNullable": true,
						"Length": 128,
						"Properties": {
							"HIVE_TYPE_STRING": "string"
						}
					}
				},
				{
					"Name": "MarketingEventDescription",
					"Description": "The description of the Marketing Event.",
					"BaseAttributeReference": {
						"Entity": "MarketingEvent.cdm.json/MarketingEvent",
						"Name": "MarketingEventDescription"
					},
					"OriginDataTypeName": {
						"TypeName": "string",
						"IsComplexType": false,
						"IsNullable": true,
						"Length": 512,
						"Properties": {
							"HIVE_TYPE_STRING": "string"
						}
					}
				},
				{
					"Name": "MarketingEventObjectivesStatement",
					"Description": "Goals to be accomplished by an organization's overall Marketing Event such as sales, market\n share, or profitability.",
					"BaseAttributeReference": {
						"Entity": "MarketingEvent.cdm.json/MarketingEvent",
						"Name": "MarketingEventObjectivesStatement"
					},
					"OriginDataTypeName": {
						"TypeName": "string",
						"IsComplexType": false,
						"IsNullable": true,
						"Length": 2048,
						"Properties": {
							"HIVE_TYPE_STRING": "string"
						}
					}
				},
				{
					"Name": "MarketingCampaignId",
					"Description": "The unique identifier of a Marketing Campaign.",
					"BaseAttributeReference": {
						"Entity": "MarketingEvent.cdm.json/MarketingEvent",
						"Name": "MarketingCampaignId"
					},
					"OriginDataTypeName": {
						"TypeName": "integer",
						"IsComplexType": false,
						"IsNullable": true,
						"Properties": {
							"HIVE_TYPE_STRING": "integer"
						}
					}
				},
				{
					"Name": "MarketingEventPlannedStartDate",
					"Description": "The planned start date of the Marketing Event.\n .",
					"BaseAttributeReference": {
						"Entity": "MarketingEvent.cdm.json/MarketingEvent",
						"Name": "MarketingEventPlannedStartDate"
					},
					"OriginDataTypeName": {
						"TypeName": "date",
						"IsComplexType": false,
						"IsNullable": true,
						"Properties": {
							"DateFormat": "YYYY-MM-DD",
							"HIVE_TYPE_STRING": "date"
						}
					}
				},
				{
					"Name": "MarketingEventActualStartDate",
					"Description": "The actual start date of the Marketing Event.\n\nNote:\nPlanned and actual start and end dates enable management to determine whether marketing campaigns and marketing events are being planned and executed in a realistic and effective manner.",
					"BaseAttributeReference": {
						"Entity": "MarketingEvent.cdm.json/MarketingEvent",
						"Name": "MarketingEventActualStartDate"
					},
					"OriginDataTypeName": {
						"TypeName": "date",
						"IsComplexType": false,
						"IsNullable": true,
						"Properties": {
							"DateFormat": "YYYY-MM-DD",
							"HIVE_TYPE_STRING": "date"
						}
					}
				},
				{
					"Name": "MarketingEventPlannedEndDate",
					"Description": "The planned end date of the Marketing Event.",
					"BaseAttributeReference": {
						"Entity": "MarketingEvent.cdm.json/MarketingEvent",
						"Name": "MarketingEventPlannedEndDate"
					},
					"OriginDataTypeName": {
						"TypeName": "date",
						"IsComplexType": false,
						"IsNullable": true,
						"Properties": {
							"DateFormat": "YYYY-MM-DD",
							"HIVE_TYPE_STRING": "date"
						}
					}
				},
				{
					"Name": "MarketingEventActualEndDate",
					"Description": "The actual end date of the Marketing Event.\n\nNote:\nPlanned and actual start and end dates enable management to determine whether marketing campaigns and marketing events are being planned and executed in a realistic and effective manner.",
					"BaseAttributeReference": {
						"Entity": "MarketingEvent.cdm.json/MarketingEvent",
						"Name": "MarketingEventActualEndDate"
					},
					"OriginDataTypeName": {
						"TypeName": "date",
						"IsComplexType": false,
						"IsNullable": true,
						"Properties": {
							"DateFormat": "YYYY-MM-DD",
							"HIVE_TYPE_STRING": "date"
						}
					}
				},
				{
					"Name": "PlannedTotalNumberOfFullTimeEmployeesToBeUtilized",
					"Description": "The planned total number of full-time employees to be utilized in association with the associated Marketing Event.",
					"BaseAttributeReference": {
						"Entity": "MarketingEvent.cdm.json/MarketingEvent",
						"Name": "PlannedTotalNumberOfFullTimeEmployeesToBeUtilized"
					},
					"OriginDataTypeName": {
						"TypeName": "integer",
						"IsComplexType": false,
						"IsNullable": true,
						"Properties": {
							"HIVE_TYPE_STRING": "integer"
						}
					}
				},
				{
					"Name": "ActualTotalNumberOfFullTimeEmployeesUtilized",
					"Description": "The actual total number of full-time employees utilized in association with the associated Marketing Event.",
					"BaseAttributeReference": {
						"Entity": "MarketingEvent.cdm.json/MarketingEvent",
						"Name": "ActualTotalNumberOfFullTimeEmployeesUtilized"
					},
					"OriginDataTypeName": {
						"TypeName": "integer",
						"IsComplexType": false,
						"IsNullable": true,
						"Properties": {
							"HIVE_TYPE_STRING": "integer"
						}
					}
				},
				{
					"Name": "PlannedTotalNumberOfPartTimeEmployeesToBeUtilized",
					"Description": "The planned total number of part-time employees to be utilized in association with the associated Marketing Event.",
					"BaseAttributeReference": {
						"Entity": "MarketingEvent.cdm.json/MarketingEvent",
						"Name": "PlannedTotalNumberOfPartTimeEmployeesToBeUtilized"
					},
					"OriginDataTypeName": {
						"TypeName": "integer",
						"IsComplexType": false,
						"IsNullable": true,
						"Properties": {
							"HIVE_TYPE_STRING": "integer"
						}
					}
				},
				{
					"Name": "ActualTotalNumberOfPartTimeEmployeesUtilized",
					"Description": "The actual total number of part-time employees utilized in association with the associated Marketing Event.",
					"BaseAttributeReference": {
						"Entity": "MarketingEvent.cdm.json/MarketingEvent",
						"Name": "ActualTotalNumberOfPartTimeEmployeesUtilized"
					},
					"OriginDataTypeName": {
						"TypeName": "integer",
						"IsComplexType": false,
						"IsNullable": true,
						"Properties": {
							"HIVE_TYPE_STRING": "integer"
						}
					}
				},
				{
					"Name": "PlannedTotalNumberManDaysToBeExpended",
					"Description": "The planned total number of man-days to be expended in association with the associated Marketing Event.",
					"BaseAttributeReference": {
						"Entity": "MarketingEvent.cdm.json/MarketingEvent",
						"Name": "PlannedTotalNumberManDaysToBeExpended"
					},
					"OriginDataTypeName": {
						"TypeName": "integer",
						"IsComplexType": false,
						"IsNullable": true,
						"Properties": {
							"HIVE_TYPE_STRING": "integer"
						}
					}
				},
				{
					"Name": "ActualTotalNumberManDaysExpended",
					"Description": "The actual total number of man-days expended in association with the associated Marketing Event.",
					"BaseAttributeReference": {
						"Entity": "MarketingEvent.cdm.json/MarketingEvent",
						"Name": "ActualTotalNumberManDaysExpended"
					},
					"OriginDataTypeName": {
						"TypeName": "integer",
						"IsComplexType": false,
						"IsNullable": true,
						"Properties": {
							"HIVE_TYPE_STRING": "integer"
						}
					}
				},
				{
					"Name": "PlannedTotalMarketingEventCostAmount",
					"Description": "The planned total marketing campaign costs to be expended in conjunction with the Marketing Event.",
					"BaseAttributeReference": {
						"Entity": "MarketingEvent.cdm.json/MarketingEvent",
						"Name": "PlannedTotalMarketingEventCostAmount"
					},
					"OriginDataTypeName": {
						"TypeName": "decimal",
						"IsComplexType": false,
						"IsNullable": true,
						"Precision": 18,
						"Scale": 2,
						"Properties": {
							"HIVE_TYPE_STRING": "decimal"
						}
					}
				},
				{
					"Name": "ActualTotalMarketingEventCostAmount",
					"Description": "The actual total marketing campaign costs expended in conjunction with the Marketing Event.",
					"BaseAttributeReference": {
						"Entity": "MarketingEvent.cdm.json/MarketingEvent",
						"Name": "ActualTotalMarketingEventCostAmount"
					},
					"OriginDataTypeName": {
						"TypeName": "decimal",
						"IsComplexType": false,
						"IsNullable": true,
						"Precision": 18,
						"Scale": 2,
						"Properties": {
							"HIVE_TYPE_STRING": "decimal"
						}
					}
				},
				{
					"Name": "MarketingEventNote",
					"Description": "A note, comment or additional information regarding a Marketing Event.",
					"BaseAttributeReference": {
						"Entity": "MarketingEvent.cdm.json/MarketingEvent",
						"Name": "MarketingEventNote"
					},
					"OriginDataTypeName": {
						"TypeName": "string",
						"IsComplexType": false,
						"IsNullable": true,
						"Length": 1024,
						"Properties": {
							"HIVE_TYPE_STRING": "string"
						}
					}
				},
				{
					"Name": "MarketingEventTypeId",
					"Description": "The unique identifier of a Marketing Event Type.",
					"BaseAttributeReference": {
						"Entity": "MarketingEvent.cdm.json/MarketingEvent",
						"Name": "MarketingEventTypeId"
					},
					"OriginDataTypeName": {
						"TypeName": "integer",
						"IsComplexType": false,
						"IsNullable": true,
						"Properties": {
							"HIVE_TYPE_STRING": "integer"
						}
					}
				},
				{
					"Name": "MarketingEventCategoryId",
					"Description": "The unique identifier of a Marketing Event Category.",
					"BaseAttributeReference": {
						"Entity": "MarketingEvent.cdm.json/MarketingEvent",
						"Name": "MarketingEventCategoryId"
					},
					"OriginDataTypeName": {
						"TypeName": "integer",
						"IsComplexType": false,
						"IsNullable": true,
						"Properties": {
							"HIVE_TYPE_STRING": "integer"
						}
					}
				},
				{
					"Name": "AdvertisingEventId",
					"Description": "The unique identifier of an Advertising Event.",
					"BaseAttributeReference": {
						"Entity": "MarketingEvent.cdm.json/MarketingEvent",
						"Name": "AdvertisingEventId"
					},
					"OriginDataTypeName": {
						"TypeName": "integer",
						"IsComplexType": false,
						"IsNullable": true,
						"Properties": {
							"HIVE_TYPE_STRING": "integer"
						}
					}
				},
				{
					"Name": "ProductId",
					"Description": "The unique identifier of a Product.",
					"BaseAttributeReference": {
						"Entity": "MarketingEvent.cdm.json/MarketingEvent",
						"Name": "ProductId"
					},
					"OriginDataTypeName": {
						"TypeName": "long",
						"IsComplexType": false,
						"IsNullable": true,
						"Properties": {
							"HIVE_TYPE_STRING": "long"
						}
					}
				},
				{
					"Name": "BrandId",
					"Description": "The unique identifier of a Brand.",
					"BaseAttributeReference": {
						"Entity": "MarketingEvent.cdm.json/MarketingEvent",
						"Name": "BrandId"
					},
					"OriginDataTypeName": {
						"TypeName": "integer",
						"IsComplexType": false,
						"IsNullable": true,
						"Properties": {
							"HIVE_TYPE_STRING": "integer"
						}
					}
				}
			],
			"Format": {
				"InputFormat": "org.apache.hadoop.mapred.SequenceFileInputFormat",
				"OutputFormat": "org.apache.hadoop.hive.ql.io.HiveSequenceFileOutputFormat",
				"FormatType": "csv",
				"SerializeLib": "org.apache.hadoop.hive.serde2.lazy.LazySimpleSerDe",
				"Properties": {
					"path": "abfss://filesystem@aamerriladls.dfs.core.windows.net/tcsSource/MarketingEvent",
					"delimiter": ",",
					"firstRowAsHeader": "false",
					"serialization.format": "1",
					"escape": "\\",
					"FormatTypeSetToDatabaseDefault": true,
					"header": "false"
				}
			},
			"Source": {
				"Provider": "ADLS",
				"Location": "abfss://filesystem@aamerriladls.dfs.core.windows.net/tcsSource/MarketingEvent",
				"Properties": {
					"LinkedServiceName": "AzureDataLakeStorage1",
					"LocationSetToDatabaseDefault": true
				}
			},
			"Properties": {
				"textinputformat.record.delimiter": ",",
				"compression": "{\"type\":\"None\",\"level\":\"optimal\"}",
				"derivedModelAttributeInfo": "{\"attributeReferences\":{\"MarketingEventId\":{\"entity\":\"MarketingEvent.cdm.json/MarketingEvent\",\"name\":\"MarketingEventId\"},\"MarketingEventName\":{\"entity\":\"MarketingEvent.cdm.json/MarketingEvent\",\"name\":\"MarketingEventName\"},\"MarketingEventDescription\":{\"entity\":\"MarketingEvent.cdm.json/MarketingEvent\",\"name\":\"MarketingEventDescription\"},\"MarketingEventObjectivesStatement\":{\"entity\":\"MarketingEvent.cdm.json/MarketingEvent\",\"name\":\"MarketingEventObjectivesStatement\"},\"MarketingCampaignId\":{\"entity\":\"MarketingEvent.cdm.json/MarketingEvent\",\"name\":\"MarketingCampaignId\"},\"MarketingEventPlannedStartDate\":{\"entity\":\"MarketingEvent.cdm.json/MarketingEvent\",\"name\":\"MarketingEventPlannedStartDate\"},\"MarketingEventActualStartDate\":{\"entity\":\"MarketingEvent.cdm.json/MarketingEvent\",\"name\":\"MarketingEventActualStartDate\"},\"MarketingEventPlannedEndDate\":{\"entity\":\"MarketingEvent.cdm.json/MarketingEvent\",\"name\":\"MarketingEventPlannedEndDate\"},\"MarketingEventActualEndDate\":{\"entity\":\"MarketingEvent.cdm.json/MarketingEvent\",\"name\":\"MarketingEventActualEndDate\"},\"PlannedTotalNumberOfFullTimeEmployeesToBeUtilized\":{\"entity\":\"MarketingEvent.cdm.json/MarketingEvent\",\"name\":\"PlannedTotalNumberOfFullTimeEmployeesToBeUtilized\"},\"ActualTotalNumberOfFullTimeEmployeesUtilized\":{\"entity\":\"MarketingEvent.cdm.json/MarketingEvent\",\"name\":\"ActualTotalNumberOfFullTimeEmployeesUtilized\"},\"PlannedTotalNumberOfPartTimeEmployeesToBeUtilized\":{\"entity\":\"MarketingEvent.cdm.json/MarketingEvent\",\"name\":\"PlannedTotalNumberOfPartTimeEmployeesToBeUtilized\"},\"ActualTotalNumberOfPartTimeEmployeesUtilized\":{\"entity\":\"MarketingEvent.cdm.json/MarketingEvent\",\"name\":\"ActualTotalNumberOfPartTimeEmployeesUtilized\"},\"PlannedTotalNumberManDaysToBeExpended\":{\"entity\":\"MarketingEvent.cdm.json/MarketingEvent\",\"name\":\"PlannedTotalNumberManDaysToBeExpended\"},\"ActualTotalNumberManDaysExpended\":{\"entity\":\"MarketingEvent.cdm.json/MarketingEvent\",\"name\":\"ActualTotalNumberManDaysExpended\"},\"PlannedTotalMarketingEventCostAmount\":{\"entity\":\"MarketingEvent.cdm.json/MarketingEvent\",\"name\":\"PlannedTotalMarketingEventCostAmount\"},\"ActualTotalMarketingEventCostAmount\":{\"entity\":\"MarketingEvent.cdm.json/MarketingEvent\",\"name\":\"ActualTotalMarketingEventCostAmount\"},\"MarketingEventNote\":{\"entity\":\"MarketingEvent.cdm.json/MarketingEvent\",\"name\":\"MarketingEventNote\"},\"MarketingEventTypeId\":{\"entity\":\"MarketingEvent.cdm.json/MarketingEvent\",\"name\":\"MarketingEventTypeId\"},\"MarketingEventCategoryId\":{\"entity\":\"MarketingEvent.cdm.json/MarketingEvent\",\"name\":\"MarketingEventCategoryId\"},\"AdvertisingEventId\":{\"entity\":\"MarketingEvent.cdm.json/MarketingEvent\",\"name\":\"AdvertisingEventId\"},\"ProductId\":{\"entity\":\"MarketingEvent.cdm.json/MarketingEvent\",\"name\":\"ProductId\"},\"BrandId\":{\"entity\":\"MarketingEvent.cdm.json/MarketingEvent\",\"name\":\"BrandId\"}}}"
			},
			"Compressed": false,
			"IsStoredAsSubdirectories": false
		},
		"Properties": {
			"DerivedModelEntityInfo": "{\"entityDirectives\":{\"baseEntityReference\":{\"name\":\"MarketingEvent\",\"path\":\"MarketingEvent.cdm.json/MarketingEvent\"},\"description\":\"A specific marketing event to support the objectives and goals of the associated Marketing Campaign.\",\"primaryKey\":[\"MarketingEventId\"],\"projectionInfo\":{\"attributes\":[{\"type\":\"Existing\",\"name\":\"MarketingEventId\",\"attributeReference\":{\"entity\":\"MarketingEvent.cdm.json/MarketingEvent\",\"name\":\"MarketingEventId\"},\"dataType\":\"integer\"},{\"type\":\"Existing\",\"name\":\"MarketingEventName\",\"attributeReference\":{\"entity\":\"MarketingEvent.cdm.json/MarketingEvent\",\"name\":\"MarketingEventName\"},\"dataType\":\"string\",\"dataTypeLength\":128},{\"type\":\"Existing\",\"name\":\"MarketingEventDescription\",\"attributeReference\":{\"entity\":\"MarketingEvent.cdm.json/MarketingEvent\",\"name\":\"MarketingEventDescription\"},\"dataType\":\"string\",\"dataTypeLength\":512},{\"type\":\"Existing\",\"name\":\"MarketingEventObjectivesStatement\",\"attributeReference\":{\"entity\":\"MarketingEvent.cdm.json/MarketingEvent\",\"name\":\"MarketingEventObjectivesStatement\"},\"dataType\":\"string\",\"dataTypeLength\":2048},{\"type\":\"Existing\",\"name\":\"MarketingCampaignId\",\"attributeReference\":{\"entity\":\"MarketingEvent.cdm.json/MarketingEvent\",\"name\":\"MarketingCampaignId\"},\"dataType\":\"integer\"},{\"type\":\"Existing\",\"name\":\"MarketingEventPlannedStartDate\",\"attributeReference\":{\"entity\":\"MarketingEvent.cdm.json/MarketingEvent\",\"name\":\"MarketingEventPlannedStartDate\"},\"dataType\":\"date\",\"dateFormat\":\"YYYY-MM-DD\"},{\"type\":\"Existing\",\"name\":\"MarketingEventActualStartDate\",\"attributeReference\":{\"entity\":\"MarketingEvent.cdm.json/MarketingEvent\",\"name\":\"MarketingEventActualStartDate\"},\"dataType\":\"date\",\"dateFormat\":\"YYYY-MM-DD\"},{\"type\":\"Existing\",\"name\":\"MarketingEventPlannedEndDate\",\"attributeReference\":{\"entity\":\"MarketingEvent.cdm.json/MarketingEvent\",\"name\":\"MarketingEventPlannedEndDate\"},\"dataType\":\"date\",\"dateFormat\":\"YYYY-MM-DD\"},{\"type\":\"Existing\",\"name\":\"MarketingEventActualEndDate\",\"attributeReference\":{\"entity\":\"MarketingEvent.cdm.json/MarketingEvent\",\"name\":\"MarketingEventActualEndDate\"},\"dataType\":\"date\",\"dateFormat\":\"YYYY-MM-DD\"},{\"type\":\"Existing\",\"name\":\"PlannedTotalNumberOfFullTimeEmployeesToBeUtilized\",\"attributeReference\":{\"entity\":\"MarketingEvent.cdm.json/MarketingEvent\",\"name\":\"PlannedTotalNumberOfFullTimeEmployeesToBeUtilized\"},\"dataType\":\"integer\"},{\"type\":\"Existing\",\"name\":\"ActualTotalNumberOfFullTimeEmployeesUtilized\",\"attributeReference\":{\"entity\":\"MarketingEvent.cdm.json/MarketingEvent\",\"name\":\"ActualTotalNumberOfFullTimeEmployeesUtilized\"},\"dataType\":\"integer\"},{\"type\":\"Existing\",\"name\":\"PlannedTotalNumberOfPartTimeEmployeesToBeUtilized\",\"attributeReference\":{\"entity\":\"MarketingEvent.cdm.json/MarketingEvent\",\"name\":\"PlannedTotalNumberOfPartTimeEmployeesToBeUtilized\"},\"dataType\":\"integer\"},{\"type\":\"Existing\",\"name\":\"ActualTotalNumberOfPartTimeEmployeesUtilized\",\"attributeReference\":{\"entity\":\"MarketingEvent.cdm.json/MarketingEvent\",\"name\":\"ActualTotalNumberOfPartTimeEmployeesUtilized\"},\"dataType\":\"integer\"},{\"type\":\"Existing\",\"name\":\"PlannedTotalNumberManDaysToBeExpended\",\"attributeReference\":{\"entity\":\"MarketingEvent.cdm.json/MarketingEvent\",\"name\":\"PlannedTotalNumberManDaysToBeExpended\"},\"dataType\":\"integer\"},{\"type\":\"Existing\",\"name\":\"ActualTotalNumberManDaysExpended\",\"attributeReference\":{\"entity\":\"MarketingEvent.cdm.json/MarketingEvent\",\"name\":\"ActualTotalNumberManDaysExpended\"},\"dataType\":\"integer\"},{\"type\":\"Existing\",\"name\":\"PlannedTotalMarketingEventCostAmount\",\"attributeReference\":{\"entity\":\"MarketingEvent.cdm.json/MarketingEvent\",\"name\":\"PlannedTotalMarketingEventCostAmount\"},\"dataType\":\"decimal\",\"dataTypeLength\":18,\"scale\":2},{\"type\":\"Existing\",\"name\":\"ActualTotalMarketingEventCostAmount\",\"attributeReference\":{\"entity\":\"MarketingEvent.cdm.json/MarketingEvent\",\"name\":\"ActualTotalMarketingEventCostAmount\"},\"dataType\":\"decimal\",\"dataTypeLength\":18,\"scale\":2},{\"type\":\"Existing\",\"name\":\"MarketingEventNote\",\"attributeReference\":{\"entity\":\"MarketingEvent.cdm.json/MarketingEvent\",\"name\":\"MarketingEventNote\"},\"dataType\":\"string\",\"dataTypeLength\":1024},{\"type\":\"Existing\",\"name\":\"MarketingEventTypeId\",\"attributeReference\":{\"entity\":\"MarketingEvent.cdm.json/MarketingEvent\",\"name\":\"MarketingEventTypeId\"},\"dataType\":\"integer\"},{\"type\":\"Existing\",\"name\":\"MarketingEventCategoryId\",\"attributeReference\":{\"entity\":\"MarketingEvent.cdm.json/MarketingEvent\",\"name\":\"MarketingEventCategoryId\"},\"dataType\":\"integer\"},{\"type\":\"Existing\",\"name\":\"AdvertisingEventId\",\"attributeReference\":{\"entity\":\"MarketingEvent.cdm.json/MarketingEvent\",\"name\":\"AdvertisingEventId\"},\"dataType\":\"integer\"},{\"type\":\"Existing\",\"name\":\"ProductId\",\"attributeReference\":{\"entity\":\"MarketingEvent.cdm.json/MarketingEvent\",\"name\":\"ProductId\"},\"dataType\":\"long\"},{\"type\":\"Existing\",\"name\":\"BrandId\",\"attributeReference\":{\"entity\":\"MarketingEvent.cdm.json/MarketingEvent\",\"name\":\"BrandId\"},\"dataType\":\"integer\"}]}}}",
			"Description": "A specific marketing event to support the objectives and goals of the associated Marketing Campaign.",
			"DisplayFolderInfo": "{\"name\":\"Marketing & Advertising\",\"colorCode\":\"#F04EB2\"}",
			"PrimaryKeys": "MarketingEventId",
			"spark.sql.sources.provider": "csv"
		},
		"Retention": 0,
		"Temporary": false,
		"IsRewriteEnabled": false
	},
	"type": "TABLE"
}