{
	"name": "PartyOrganization",
	"properties": {
		"Namespace": {
			"DatabaseName": "tcsSource"
		},
		"Name": "PartyOrganization",
		"Description": "A business organization such as a business unit, department etc. that has responsibility for a budget, employees or similar business functions.",
		"EntityType": "TABLE",
		"TableType": "EXTERNAL",
		"Origin": {
			"Type": "SPARK"
		},
		"StorageDescriptor": {
			"Columns": [
				{
					"Name": "PartyId",
					"Description": "The unique identifier of a Party.",
					"BaseAttributeReference": {
						"Entity": "PartyOrganization.cdm.json/PartyOrganization",
						"Name": "PartyId"
					},
					"OriginDataTypeName": {
						"TypeName": "long",
						"IsComplexType": false,
						"IsNullable": false,
						"Properties": {
							"HIVE_TYPE_STRING": "long"
						}
					}
				},
				{
					"Name": "OrganizationId",
					"Description": "The unique identifier of an organization.",
					"BaseAttributeReference": {
						"Entity": "PartyOrganization.cdm.json/PartyOrganization",
						"Name": "OrganizationId"
					},
					"OriginDataTypeName": {
						"TypeName": "integer",
						"IsComplexType": false,
						"IsNullable": false,
						"Properties": {
							"HIVE_TYPE_STRING": "integer"
						}
					}
				},
				{
					"Name": "OrganizationName",
					"Description": "The name of an organization.",
					"BaseAttributeReference": {
						"Entity": "PartyOrganization.cdm.json/PartyOrganization",
						"Name": "OrganizationName"
					},
					"OriginDataTypeName": {
						"TypeName": "string",
						"IsComplexType": false,
						"IsNullable": true,
						"Length": 128,
						"Properties": {
							"HIVE_TYPE_STRING": "string"
						}
					}
				},
				{
					"Name": "LocationId",
					"Description": "The unique identifier of a Location.",
					"BaseAttributeReference": {
						"Entity": "PartyOrganization.cdm.json/PartyOrganization",
						"Name": "LocationId"
					},
					"OriginDataTypeName": {
						"TypeName": "integer",
						"IsComplexType": false,
						"IsNullable": true,
						"Properties": {
							"HIVE_TYPE_STRING": "integer"
						}
					}
				},
				{
					"Name": "OrganizationTelephoneNumber",
					"Description": "The Organization's telephone number.",
					"BaseAttributeReference": {
						"Entity": "PartyOrganization.cdm.json/PartyOrganization",
						"Name": "OrganizationTelephoneNumber"
					},
					"OriginDataTypeName": {
						"TypeName": "decimal",
						"IsComplexType": false,
						"IsNullable": true,
						"Precision": 15,
						"Scale": 0,
						"Properties": {
							"HIVE_TYPE_STRING": "decimal"
						}
					}
				},
				{
					"Name": "OrganizationFaxNumber",
					"Description": "The Organization's fax number.",
					"BaseAttributeReference": {
						"Entity": "PartyOrganization.cdm.json/PartyOrganization",
						"Name": "OrganizationFaxNumber"
					},
					"OriginDataTypeName": {
						"TypeName": "decimal",
						"IsComplexType": false,
						"IsNullable": true,
						"Precision": 15,
						"Scale": 0,
						"Properties": {
							"HIVE_TYPE_STRING": "decimal"
						}
					}
				},
				{
					"Name": "OrganizationEmailAddress",
					"Description": "The Organization's email address.",
					"BaseAttributeReference": {
						"Entity": "PartyOrganization.cdm.json/PartyOrganization",
						"Name": "OrganizationEmailAddress"
					},
					"OriginDataTypeName": {
						"TypeName": "string",
						"IsComplexType": false,
						"IsNullable": true,
						"Length": 256,
						"Properties": {
							"HIVE_TYPE_STRING": "string"
						}
					}
				},
				{
					"Name": "DunsNumber",
					"Description": "An exclusive nine-digit Dun & Bradstreet D-U-N-S Number is assigned to each business location in a global database, it is widely used as a tool for identifying, organizing and consolidating information about businesses. Companies worldwide use it to link information about suppliers, customers and trading partners, providing them a more complete picture of risks and opportunities in their business relationships.\n\nD&B D-U-N-S Numbers are the key to building corporate family relationships in the D&B file. Since each location of a business may have its own unique D&B D-U-N-S Number, a large organization is likely to have many different D&B D-U-N-S Numbers within its corporate \"family tree\". D&B links the D&B D-U-N-S Numbers of parents, subsidiaries, headquarters and branches on more than 6.0 million corporate family members around the world.",
					"BaseAttributeReference": {
						"Entity": "PartyOrganization.cdm.json/PartyOrganization",
						"Name": "DunsNumber"
					},
					"OriginDataTypeName": {
						"TypeName": "decimal",
						"IsComplexType": false,
						"IsNullable": true,
						"Precision": 9,
						"Scale": 0,
						"Properties": {
							"HIVE_TYPE_STRING": "decimal"
						}
					}
				},
				{
					"Name": "DunBradstreetFamilyMemberOwnDunsNumber",
					"Description": "For the purposes of linking these relationships to define corporate responsibility, each family member carries up to four D-U-N-S Numbers. \n\nIts own Case D-U-N-S Number \nThat of the next highest level in the family; parent or headquarter D-U-N-S \nThat of the highest level within its country; its domestic ultimate D-U-N-S \nThat of its top global ultimate; global ultimate D-U-N-S \nFor example, the branch carries its own D-U-N-S Number, that of its headquarters, that of its global ultimate, and that of its domestic ultimate. A subsidiary carries its own D-U-N-S Number, that of its parent, that of its domestic ultimate, and that of its global ultimate.\n\nThe global ultimate record carries the same D-U-N-S Number in the case D-U-N-S field, the headquarters/parent D-U-N-S field, the global ultimate D-U-N-S field, and the domestic ultimate D-U-N-S Number. This business is at the very top of the global tree.\n\nThe domestic ultimate is the highest member of the tree in a specific country. The case D-U-N-S Number, parent D-U-N-S Number, and domestic ultimate D-U-N-S Number will all be the same on the global ultimate record.\n\nThe majority of records in D&B's files are not linked: they are considered \"stand alone\" businesses. This is a reflection of the businesses environment in our world.",
					"BaseAttributeReference": {
						"Entity": "PartyOrganization.cdm.json/PartyOrganization",
						"Name": "DunBradstreetFamilyMemberOwnDunsNumber"
					},
					"OriginDataTypeName": {
						"TypeName": "decimal",
						"IsComplexType": false,
						"IsNullable": true,
						"Precision": 9,
						"Scale": 0,
						"Properties": {
							"HIVE_TYPE_STRING": "decimal"
						}
					}
				},
				{
					"Name": "DunBradstreetFamilyMemberDomesticUltimateDunsNumber",
					"Description": "For the purposes of linking these relationships to define corporate responsibility, each family member carries up to four D-U-N-S Numbers. \n\nIts own Case D-U-N-S Number \nThat of the next highest level in the family; parent or headquarter D-U-N-S \nThat of the highest level within its country; its domestic ultimate D-U-N-S \nThat of its top global ultimate; global ultimate D-U-N-S \nFor example, the branch carries its own D-U-N-S Number, that of its headquarters, that of its global ultimate, and that of its domestic ultimate. A subsidiary carries its own D-U-N-S Number, that of its parent, that of its domestic ultimate, and that of its global ultimate.\n\nThe global ultimate record carries the same D-U-N-S Number in the case D-U-N-S field, the headquarters/parent D-U-N-S field, the global ultimate D-U-N-S field, and the domestic ultimate D-U-N-S Number. This business is at the very top of the global tree.\n\nThe domestic ultimate is the highest member of the tree in a specific country. The case D-U-N-S Number, parent D-U-N-S Number, and domestic ultimate D-U-N-S Number will all be the same on the global ultimate record.\n\nThe majority of records in D&B's files are not linked: they are considered \"stand alone\" businesses. This is a reflection of the businesses environment in our world.",
					"BaseAttributeReference": {
						"Entity": "PartyOrganization.cdm.json/PartyOrganization",
						"Name": "DunBradstreetFamilyMemberDomesticUltimateDunsNumber"
					},
					"OriginDataTypeName": {
						"TypeName": "decimal",
						"IsComplexType": false,
						"IsNullable": true,
						"Precision": 9,
						"Scale": 0,
						"Properties": {
							"HIVE_TYPE_STRING": "decimal"
						}
					}
				},
				{
					"Name": "DunBradstreetFamilyMemberGlobalUltimateDunsNumber",
					"Description": "For the purposes of linking these relationships to define corporate responsibility, each family member carries up to four D-U-N-S Numbers. \n\nIts own Case D-U-N-S Number \nThat of the next highest level in the family; parent or headquarter D-U-N-S \nThat of the highest level within its country; its domestic ultimate D-U-N-S \nThat of its top global ultimate; global ultimate D-U-N-S \nFor example, the branch carries its own D-U-N-S Number, that of its headquarters, that of its global ultimate, and that of its domestic ultimate. A subsidiary carries its own D-U-N-S Number, that of its parent, that of its domestic ultimate, and that of its global ultimate.\n\nThe global ultimate record carries the same D-U-N-S Number in the case D-U-N-S field, the headquarters/parent D-U-N-S field, the global ultimate D-U-N-S field, and the domestic ultimate D-U-N-S Number. This business is at the very top of the global tree.\n\nThe domestic ultimate is the highest member of the tree in a specific country. The case D-U-N-S Number, parent D-U-N-S Number, and domestic ultimate D-U-N-S Number will all be the same on the global ultimate record.\n\nThe majority of records in D&B's files are not linked: they are considered \"stand alone\" businesses. This is a reflection of the businesses environment in our world.",
					"BaseAttributeReference": {
						"Entity": "PartyOrganization.cdm.json/PartyOrganization",
						"Name": "DunBradstreetFamilyMemberGlobalUltimateDunsNumber"
					},
					"OriginDataTypeName": {
						"TypeName": "decimal",
						"IsComplexType": false,
						"IsNullable": true,
						"Precision": 9,
						"Scale": 0,
						"Properties": {
							"HIVE_TYPE_STRING": "decimal"
						}
					}
				},
				{
					"Name": "DunBradstreetFamilyMemberParentHqDunsNumber",
					"Description": "For the purposes of linking these relationships to define corporate responsibility, each family member carries up to four D-U-N-S Numbers. \n\nIts own Case D-U-N-S Number \nThat of the next highest level in the family; parent or headquarter D-U-N-S \nThat of the highest level within its country; its domestic ultimate D-U-N-S \nThat of its top global ultimate; global ultimate D-U-N-S \nFor example, the branch carries its own D-U-N-S Number, that of its headquarters, that of its global ultimate, and that of its domestic ultimate. A subsidiary carries its own D-U-N-S Number, that of its parent, that of its domestic ultimate, and that of its global ultimate.\n\nThe global ultimate record carries the same D-U-N-S Number in the case D-U-N-S field, the headquarters/parent D-U-N-S field, the global ultimate D-U-N-S field, and the domestic ultimate D-U-N-S Number. This business is at the very top of the global tree.\n\nThe domestic ultimate is the highest member of the tree in a specific country. The case D-U-N-S Number, parent D-U-N-S Number, and domestic ultimate D-U-N-S Number will all be the same on the global ultimate record.\n\nThe majority of records in D&B's files are not linked: they are considered \"stand alone\" businesses. This is a reflection of the businesses environment in our world.",
					"BaseAttributeReference": {
						"Entity": "PartyOrganization.cdm.json/PartyOrganization",
						"Name": "DunBradstreetFamilyMemberParentHqDunsNumber"
					},
					"OriginDataTypeName": {
						"TypeName": "decimal",
						"IsComplexType": false,
						"IsNullable": true,
						"Precision": 9,
						"Scale": 0,
						"Properties": {
							"HIVE_TYPE_STRING": "decimal"
						}
					}
				},
				{
					"Name": "GlobalLocationNumber",
					"Description": "The Global Location Number (GLN) is a simple tool used to uniquely identify locations. It can be used to identify physical locations such as a warehouse, legal entities, or a function / department within a legal entity. The GLN is part of the GS1 system of standards.",
					"BaseAttributeReference": {
						"Entity": "PartyOrganization.cdm.json/PartyOrganization",
						"Name": "GlobalLocationNumber"
					},
					"OriginDataTypeName": {
						"TypeName": "decimal",
						"IsComplexType": false,
						"IsNullable": true,
						"Precision": 13,
						"Scale": 0,
						"Properties": {
							"HIVE_TYPE_STRING": "decimal"
						}
					}
				},
				{
					"Name": "ResponsibilityCenterId",
					"Description": "The unique identifier of a Responsibility Center.",
					"BaseAttributeReference": {
						"Entity": "PartyOrganization.cdm.json/PartyOrganization",
						"Name": "ResponsibilityCenterId"
					},
					"OriginDataTypeName": {
						"TypeName": "integer",
						"IsComplexType": false,
						"IsNullable": false,
						"Properties": {
							"HIVE_TYPE_STRING": "integer"
						}
					}
				},
				{
					"Name": "PartyOrganizationTypeId",
					"Description": "The unique identifier of a Party Organization Type.",
					"BaseAttributeReference": {
						"Entity": "PartyOrganization.cdm.json/PartyOrganization",
						"Name": "PartyOrganizationTypeId"
					},
					"OriginDataTypeName": {
						"TypeName": "integer",
						"IsComplexType": false,
						"IsNullable": true,
						"Properties": {
							"HIVE_TYPE_STRING": "integer"
						}
					}
				}
			],
			"Format": {
				"InputFormat": "org.apache.hadoop.mapred.SequenceFileInputFormat",
				"OutputFormat": "org.apache.hadoop.hive.ql.io.HiveSequenceFileOutputFormat",
				"FormatType": "csv",
				"SerializeLib": "org.apache.hadoop.hive.serde2.lazy.LazySimpleSerDe",
				"Properties": {
					"path": "abfss://filesystem@aamerriladls.dfs.core.windows.net/tcsSource/PartyOrganization",
					"delimiter": ",",
					"firstRowAsHeader": "false",
					"serialization.format": "1",
					"escape": "\\",
					"FormatTypeSetToDatabaseDefault": true,
					"header": "false"
				}
			},
			"Source": {
				"Provider": "ADLS",
				"Location": "abfss://filesystem@aamerriladls.dfs.core.windows.net/tcsSource/PartyOrganization",
				"Properties": {
					"LinkedServiceName": "AzureDataLakeStorage1",
					"LocationSetToDatabaseDefault": true
				}
			},
			"Properties": {
				"textinputformat.record.delimiter": ",",
				"compression": "{\"type\":\"None\",\"level\":\"optimal\"}",
				"derivedModelAttributeInfo": "{\"attributeReferences\":{\"PartyId\":{\"entity\":\"PartyOrganization.cdm.json/PartyOrganization\",\"name\":\"PartyId\"},\"OrganizationId\":{\"entity\":\"PartyOrganization.cdm.json/PartyOrganization\",\"name\":\"OrganizationId\"},\"OrganizationName\":{\"entity\":\"PartyOrganization.cdm.json/PartyOrganization\",\"name\":\"OrganizationName\"},\"LocationId\":{\"entity\":\"PartyOrganization.cdm.json/PartyOrganization\",\"name\":\"LocationId\"},\"OrganizationTelephoneNumber\":{\"entity\":\"PartyOrganization.cdm.json/PartyOrganization\",\"name\":\"OrganizationTelephoneNumber\"},\"OrganizationFaxNumber\":{\"entity\":\"PartyOrganization.cdm.json/PartyOrganization\",\"name\":\"OrganizationFaxNumber\"},\"OrganizationEmailAddress\":{\"entity\":\"PartyOrganization.cdm.json/PartyOrganization\",\"name\":\"OrganizationEmailAddress\"},\"DunsNumber\":{\"entity\":\"PartyOrganization.cdm.json/PartyOrganization\",\"name\":\"DunsNumber\"},\"DunBradstreetFamilyMemberOwnDunsNumber\":{\"entity\":\"PartyOrganization.cdm.json/PartyOrganization\",\"name\":\"DunBradstreetFamilyMemberOwnDunsNumber\"},\"DunBradstreetFamilyMemberDomesticUltimateDunsNumber\":{\"entity\":\"PartyOrganization.cdm.json/PartyOrganization\",\"name\":\"DunBradstreetFamilyMemberDomesticUltimateDunsNumber\"},\"DunBradstreetFamilyMemberGlobalUltimateDunsNumber\":{\"entity\":\"PartyOrganization.cdm.json/PartyOrganization\",\"name\":\"DunBradstreetFamilyMemberGlobalUltimateDunsNumber\"},\"DunBradstreetFamilyMemberParentHqDunsNumber\":{\"entity\":\"PartyOrganization.cdm.json/PartyOrganization\",\"name\":\"DunBradstreetFamilyMemberParentHqDunsNumber\"},\"GlobalLocationNumber\":{\"entity\":\"PartyOrganization.cdm.json/PartyOrganization\",\"name\":\"GlobalLocationNumber\"},\"ResponsibilityCenterId\":{\"entity\":\"PartyOrganization.cdm.json/PartyOrganization\",\"name\":\"ResponsibilityCenterId\"},\"PartyOrganizationTypeId\":{\"entity\":\"PartyOrganization.cdm.json/PartyOrganization\",\"name\":\"PartyOrganizationTypeId\"}}}"
			},
			"Compressed": false,
			"IsStoredAsSubdirectories": false
		},
		"Properties": {
			"DerivedModelEntityInfo": "{\"entityDirectives\":{\"baseEntityReference\":{\"name\":\"PartyOrganization\",\"path\":\"PartyOrganization.cdm.json/PartyOrganization\"},\"description\":\"A business organization such as a business unit, department etc. that has responsibility for a budget, employees or similar business functions.\",\"primaryKey\":[\"PartyId\",\"OrganizationId\"],\"projectionInfo\":{\"attributes\":[{\"type\":\"Existing\",\"name\":\"PartyId\",\"attributeReference\":{\"entity\":\"PartyOrganization.cdm.json/PartyOrganization\",\"name\":\"PartyId\"},\"dataType\":\"long\"},{\"type\":\"Existing\",\"name\":\"OrganizationId\",\"attributeReference\":{\"entity\":\"PartyOrganization.cdm.json/PartyOrganization\",\"name\":\"OrganizationId\"},\"dataType\":\"integer\"},{\"type\":\"Existing\",\"name\":\"OrganizationName\",\"attributeReference\":{\"entity\":\"PartyOrganization.cdm.json/PartyOrganization\",\"name\":\"OrganizationName\"},\"dataType\":\"string\",\"dataTypeLength\":128},{\"type\":\"Existing\",\"name\":\"LocationId\",\"attributeReference\":{\"entity\":\"PartyOrganization.cdm.json/PartyOrganization\",\"name\":\"LocationId\"},\"dataType\":\"integer\"},{\"type\":\"Existing\",\"name\":\"OrganizationTelephoneNumber\",\"attributeReference\":{\"entity\":\"PartyOrganization.cdm.json/PartyOrganization\",\"name\":\"OrganizationTelephoneNumber\"},\"dataType\":\"decimal\",\"dataTypeLength\":15,\"scale\":0},{\"type\":\"Existing\",\"name\":\"OrganizationFaxNumber\",\"attributeReference\":{\"entity\":\"PartyOrganization.cdm.json/PartyOrganization\",\"name\":\"OrganizationFaxNumber\"},\"dataType\":\"decimal\",\"dataTypeLength\":15,\"scale\":0},{\"type\":\"Existing\",\"name\":\"OrganizationEmailAddress\",\"attributeReference\":{\"entity\":\"PartyOrganization.cdm.json/PartyOrganization\",\"name\":\"OrganizationEmailAddress\"},\"dataType\":\"string\",\"dataTypeLength\":256},{\"type\":\"Existing\",\"name\":\"DunsNumber\",\"attributeReference\":{\"entity\":\"PartyOrganization.cdm.json/PartyOrganization\",\"name\":\"DunsNumber\"},\"dataType\":\"decimal\",\"dataTypeLength\":9,\"scale\":0},{\"type\":\"Existing\",\"name\":\"DunBradstreetFamilyMemberOwnDunsNumber\",\"attributeReference\":{\"entity\":\"PartyOrganization.cdm.json/PartyOrganization\",\"name\":\"DunBradstreetFamilyMemberOwnDunsNumber\"},\"dataType\":\"decimal\",\"dataTypeLength\":9,\"scale\":0},{\"type\":\"Existing\",\"name\":\"DunBradstreetFamilyMemberDomesticUltimateDunsNumber\",\"attributeReference\":{\"entity\":\"PartyOrganization.cdm.json/PartyOrganization\",\"name\":\"DunBradstreetFamilyMemberDomesticUltimateDunsNumber\"},\"dataType\":\"decimal\",\"dataTypeLength\":9,\"scale\":0},{\"type\":\"Existing\",\"name\":\"DunBradstreetFamilyMemberGlobalUltimateDunsNumber\",\"attributeReference\":{\"entity\":\"PartyOrganization.cdm.json/PartyOrganization\",\"name\":\"DunBradstreetFamilyMemberGlobalUltimateDunsNumber\"},\"dataType\":\"decimal\",\"dataTypeLength\":9,\"scale\":0},{\"type\":\"Existing\",\"name\":\"DunBradstreetFamilyMemberParentHqDunsNumber\",\"attributeReference\":{\"entity\":\"PartyOrganization.cdm.json/PartyOrganization\",\"name\":\"DunBradstreetFamilyMemberParentHqDunsNumber\"},\"dataType\":\"decimal\",\"dataTypeLength\":9,\"scale\":0},{\"type\":\"Existing\",\"name\":\"GlobalLocationNumber\",\"attributeReference\":{\"entity\":\"PartyOrganization.cdm.json/PartyOrganization\",\"name\":\"GlobalLocationNumber\"},\"dataType\":\"decimal\",\"dataTypeLength\":13,\"scale\":0},{\"type\":\"Existing\",\"name\":\"ResponsibilityCenterId\",\"attributeReference\":{\"entity\":\"PartyOrganization.cdm.json/PartyOrganization\",\"name\":\"ResponsibilityCenterId\"},\"dataType\":\"integer\"},{\"type\":\"Existing\",\"name\":\"PartyOrganizationTypeId\",\"attributeReference\":{\"entity\":\"PartyOrganization.cdm.json/PartyOrganization\",\"name\":\"PartyOrganizationTypeId\"},\"dataType\":\"integer\"}]}}}",
			"Description": "A business organization such as a business unit, department etc. that has responsibility for a budget, employees or similar business functions.",
			"DisplayFolderInfo": "{\"name\":\"Legal Entity\",\"colorCode\":\"#D65942\"}",
			"PrimaryKeys": "PartyId,OrganizationId",
			"spark.sql.sources.provider": "csv"
		},
		"Retention": 0,
		"Temporary": false,
		"IsRewriteEnabled": false
	},
	"type": "TABLE"
}