{
	"name": "ProductPriceList",
	"properties": {
		"Namespace": {
			"DatabaseName": "tcsSource"
		},
		"Name": "ProductPriceList",
		"Description": "The Price List for a Product as defined for a Country for a specific period.",
		"EntityType": "TABLE",
		"TableType": "EXTERNAL",
		"Origin": {
			"Type": "SPARK"
		},
		"StorageDescriptor": {
			"Columns": [
				{
					"Name": "ProductId",
					"Description": "The unique identifier of a Product.",
					"BaseAttributeReference": {
						"Entity": "ProductPriceList.cdm.json/ProductPriceList",
						"Name": "ProductId"
					},
					"OriginDataTypeName": {
						"TypeName": "long",
						"IsComplexType": false,
						"IsNullable": false,
						"Properties": {
							"HIVE_TYPE_STRING": "long"
						}
					}
				},
				{
					"Name": "PriceListTypeId",
					"Description": "The unique identifier of a Price List Type.",
					"BaseAttributeReference": {
						"Entity": "ProductPriceList.cdm.json/ProductPriceList",
						"Name": "PriceListTypeId"
					},
					"OriginDataTypeName": {
						"TypeName": "integer",
						"IsComplexType": false,
						"IsNullable": false,
						"Properties": {
							"HIVE_TYPE_STRING": "integer"
						}
					}
				},
				{
					"Name": "CountryId",
					"Description": "The unique identifier of the Country.",
					"BaseAttributeReference": {
						"Entity": "ProductPriceList.cdm.json/ProductPriceList",
						"Name": "CountryId"
					},
					"OriginDataTypeName": {
						"TypeName": "integer",
						"IsComplexType": false,
						"IsNullable": false,
						"Properties": {
							"HIVE_TYPE_STRING": "integer"
						}
					}
				},
				{
					"Name": "IsoCurrencyCode",
					"Description": "The ISO 4217 currency code.",
					"BaseAttributeReference": {
						"Entity": "ProductPriceList.cdm.json/ProductPriceList",
						"Name": "IsoCurrencyCode"
					},
					"OriginDataTypeName": {
						"TypeName": "string",
						"IsComplexType": false,
						"IsNullable": false,
						"Length": 3,
						"Properties": {
							"HIVE_TYPE_STRING": "string"
						}
					}
				},
				{
					"Name": "PricingUomId",
					"Description": "The unique identifier of a Unit Of Measure.",
					"BaseAttributeReference": {
						"Entity": "ProductPriceList.cdm.json/ProductPriceList",
						"Name": "PricingUomId"
					},
					"OriginDataTypeName": {
						"TypeName": "integer",
						"IsComplexType": false,
						"IsNullable": false,
						"Properties": {
							"HIVE_TYPE_STRING": "integer"
						}
					}
				},
				{
					"Name": "PeriodStartTimestamp",
					"Description": "The period start timestamp for which the Product Price List is defined.\n\nNote: Timestamp is used rather than Date to accommodate situations where the product price can vary throughout the day.",
					"BaseAttributeReference": {
						"Entity": "ProductPriceList.cdm.json/ProductPriceList",
						"Name": "PeriodStartTimestamp"
					},
					"OriginDataTypeName": {
						"TypeName": "timestamp",
						"IsComplexType": false,
						"IsNullable": false,
						"Properties": {
							"TimestampFormat": "YYYY-MM-DD HH:MM:SS.fffffffff",
							"HIVE_TYPE_STRING": "timestamp"
						}
					}
				},
				{
					"Name": "PeriodEndTimestamp",
					"Description": "The period end timestamp for which the Product Price List is defined.",
					"BaseAttributeReference": {
						"Entity": "ProductPriceList.cdm.json/ProductPriceList",
						"Name": "PeriodEndTimestamp"
					},
					"OriginDataTypeName": {
						"TypeName": "timestamp",
						"IsComplexType": false,
						"IsNullable": true,
						"Properties": {
							"TimestampFormat": "YYYY-MM-DD HH:MM:SS.fffffffff",
							"HIVE_TYPE_STRING": "timestamp"
						}
					}
				},
				{
					"Name": "SuggestedRetailPrice",
					"Description": "The Standard, or default, price charged by retailers to the public for the Product.\n\nThe price of a Product published in a catalog, advertisement or printed list from which discounts, if any, may be subtracted. \n\nThis is the price that normally appears in catalogs, on purchase orders and invoices.",
					"BaseAttributeReference": {
						"Entity": "ProductPriceList.cdm.json/ProductPriceList",
						"Name": "SuggestedRetailPrice"
					},
					"OriginDataTypeName": {
						"TypeName": "decimal",
						"IsComplexType": false,
						"IsNullable": true,
						"Precision": 18,
						"Scale": 2,
						"Properties": {
							"HIVE_TYPE_STRING": "decimal"
						}
					}
				},
				{
					"Name": "ListPrice",
					"Description": "The Standard retail price of the Product before the application of any discount.\n\nThe price of a Product published in a catalog, advertisement or printed list from which discounts, if any, may be subtracted. \n\nThis is the price that normally appears in catalogs, on purchase orders and invoices.",
					"BaseAttributeReference": {
						"Entity": "ProductPriceList.cdm.json/ProductPriceList",
						"Name": "ListPrice"
					},
					"OriginDataTypeName": {
						"TypeName": "decimal",
						"IsComplexType": false,
						"IsNullable": true,
						"Precision": 18,
						"Scale": 2,
						"Properties": {
							"HIVE_TYPE_STRING": "decimal"
						}
					}
				},
				{
					"Name": "TargetReturnPrice",
					"Description": "A price established as part of a strategy to yield a specific return on investment.\n\nTarget-Return Price = (unit cost) + ((desired return)*(invested capital))/unit sales\n\nThe Target-Return Price ignores competitor's pricing and price elasticity.",
					"BaseAttributeReference": {
						"Entity": "ProductPriceList.cdm.json/ProductPriceList",
						"Name": "TargetReturnPrice"
					},
					"OriginDataTypeName": {
						"TypeName": "decimal",
						"IsComplexType": false,
						"IsNullable": true,
						"Precision": 18,
						"Scale": 2,
						"Properties": {
							"HIVE_TYPE_STRING": "decimal"
						}
					}
				},
				{
					"Name": "StandardCost",
					"Description": "The estimated or calculated cost to manufacture or produce the Product.",
					"BaseAttributeReference": {
						"Entity": "ProductPriceList.cdm.json/ProductPriceList",
						"Name": "StandardCost"
					},
					"OriginDataTypeName": {
						"TypeName": "decimal",
						"IsComplexType": false,
						"IsNullable": true,
						"Precision": 18,
						"Scale": 2,
						"Properties": {
							"HIVE_TYPE_STRING": "decimal"
						}
					}
				},
				{
					"Name": "MarginAmount",
					"Description": "The difference between the price of a Product and the cost to produce it.",
					"BaseAttributeReference": {
						"Entity": "ProductPriceList.cdm.json/ProductPriceList",
						"Name": "MarginAmount"
					},
					"OriginDataTypeName": {
						"TypeName": "decimal",
						"IsComplexType": false,
						"IsNullable": true,
						"Precision": 18,
						"Scale": 2,
						"Properties": {
							"HIVE_TYPE_STRING": "decimal"
						}
					}
				},
				{
					"Name": "BreakEventPointAmount",
					"Description": "Identifies the relationship between a Product's fixed and variable costs and revenue-profits based on the number of products sold or \"how many units must be sold to make a profit\".\n\nBreak Even Point = (Fixed Cost/(Unit Price - Unit Variable Cost))\n\nExample:\n\nA company invests $250,000 (fixed costs) into developing a new Product that sells for $10 per Product.   Variable costs are determined to be $5 per unit.\n\nThe Break Even Point is 50,000.    50,000 products must be sold for the company to recover its investment and begin to realize profits.",
					"BaseAttributeReference": {
						"Entity": "ProductPriceList.cdm.json/ProductPriceList",
						"Name": "BreakEventPointAmount"
					},
					"OriginDataTypeName": {
						"TypeName": "decimal",
						"IsComplexType": false,
						"IsNullable": true,
						"Precision": 18,
						"Scale": 2,
						"Properties": {
							"HIVE_TYPE_STRING": "decimal"
						}
					}
				}
			],
			"Format": {
				"InputFormat": "org.apache.hadoop.mapred.SequenceFileInputFormat",
				"OutputFormat": "org.apache.hadoop.hive.ql.io.HiveSequenceFileOutputFormat",
				"FormatType": "csv",
				"SerializeLib": "org.apache.hadoop.hive.serde2.lazy.LazySimpleSerDe",
				"Properties": {
					"path": "abfss://filesystem@aamerriladls.dfs.core.windows.net/tcsSource/ProductPriceList",
					"delimiter": ",",
					"firstRowAsHeader": "false",
					"serialization.format": "1",
					"escape": "\\",
					"FormatTypeSetToDatabaseDefault": true,
					"header": "false"
				}
			},
			"Source": {
				"Provider": "ADLS",
				"Location": "abfss://filesystem@aamerriladls.dfs.core.windows.net/tcsSource/ProductPriceList",
				"Properties": {
					"LinkedServiceName": "AzureDataLakeStorage1",
					"LocationSetToDatabaseDefault": true
				}
			},
			"Properties": {
				"textinputformat.record.delimiter": ",",
				"compression": "{\"type\":\"None\",\"level\":\"optimal\"}",
				"derivedModelAttributeInfo": "{\"attributeReferences\":{\"ProductId\":{\"entity\":\"ProductPriceList.cdm.json/ProductPriceList\",\"name\":\"ProductId\"},\"PriceListTypeId\":{\"entity\":\"ProductPriceList.cdm.json/ProductPriceList\",\"name\":\"PriceListTypeId\"},\"CountryId\":{\"entity\":\"ProductPriceList.cdm.json/ProductPriceList\",\"name\":\"CountryId\"},\"IsoCurrencyCode\":{\"entity\":\"ProductPriceList.cdm.json/ProductPriceList\",\"name\":\"IsoCurrencyCode\"},\"PricingUomId\":{\"entity\":\"ProductPriceList.cdm.json/ProductPriceList\",\"name\":\"PricingUomId\"},\"PeriodStartTimestamp\":{\"entity\":\"ProductPriceList.cdm.json/ProductPriceList\",\"name\":\"PeriodStartTimestamp\"},\"PeriodEndTimestamp\":{\"entity\":\"ProductPriceList.cdm.json/ProductPriceList\",\"name\":\"PeriodEndTimestamp\"},\"SuggestedRetailPrice\":{\"entity\":\"ProductPriceList.cdm.json/ProductPriceList\",\"name\":\"SuggestedRetailPrice\"},\"ListPrice\":{\"entity\":\"ProductPriceList.cdm.json/ProductPriceList\",\"name\":\"ListPrice\"},\"TargetReturnPrice\":{\"entity\":\"ProductPriceList.cdm.json/ProductPriceList\",\"name\":\"TargetReturnPrice\"},\"StandardCost\":{\"entity\":\"ProductPriceList.cdm.json/ProductPriceList\",\"name\":\"StandardCost\"},\"MarginAmount\":{\"entity\":\"ProductPriceList.cdm.json/ProductPriceList\",\"name\":\"MarginAmount\"},\"BreakEventPointAmount\":{\"entity\":\"ProductPriceList.cdm.json/ProductPriceList\",\"name\":\"BreakEventPointAmount\"}}}"
			},
			"Compressed": false,
			"IsStoredAsSubdirectories": false
		},
		"Properties": {
			"DerivedModelEntityInfo": "{\"entityDirectives\":{\"baseEntityReference\":{\"name\":\"ProductPriceList\",\"path\":\"ProductPriceList.cdm.json/ProductPriceList\"},\"description\":\"The Price List for a Product as defined for a Country for a specific period.\",\"primaryKey\":[\"ProductId\",\"PriceListTypeId\",\"CountryId\",\"IsoCurrencyCode\",\"PricingUomId\",\"PeriodStartTimestamp\"],\"projectionInfo\":{\"attributes\":[{\"type\":\"Existing\",\"name\":\"ProductId\",\"attributeReference\":{\"entity\":\"ProductPriceList.cdm.json/ProductPriceList\",\"name\":\"ProductId\"},\"dataType\":\"long\"},{\"type\":\"Existing\",\"name\":\"PriceListTypeId\",\"attributeReference\":{\"entity\":\"ProductPriceList.cdm.json/ProductPriceList\",\"name\":\"PriceListTypeId\"},\"dataType\":\"integer\"},{\"type\":\"Existing\",\"name\":\"CountryId\",\"attributeReference\":{\"entity\":\"ProductPriceList.cdm.json/ProductPriceList\",\"name\":\"CountryId\"},\"dataType\":\"integer\"},{\"type\":\"Existing\",\"name\":\"IsoCurrencyCode\",\"attributeReference\":{\"entity\":\"ProductPriceList.cdm.json/ProductPriceList\",\"name\":\"IsoCurrencyCode\"},\"dataType\":\"string\",\"dataTypeLength\":3},{\"type\":\"Existing\",\"name\":\"PricingUomId\",\"attributeReference\":{\"entity\":\"ProductPriceList.cdm.json/ProductPriceList\",\"name\":\"PricingUomId\"},\"dataType\":\"integer\"},{\"type\":\"Existing\",\"name\":\"PeriodStartTimestamp\",\"attributeReference\":{\"entity\":\"ProductPriceList.cdm.json/ProductPriceList\",\"name\":\"PeriodStartTimestamp\"},\"dataType\":\"timestamp\",\"timestampFormat\":\"YYYY-MM-DD HH:MM:SS.fffffffff\"},{\"type\":\"Existing\",\"name\":\"PeriodEndTimestamp\",\"attributeReference\":{\"entity\":\"ProductPriceList.cdm.json/ProductPriceList\",\"name\":\"PeriodEndTimestamp\"},\"dataType\":\"timestamp\",\"timestampFormat\":\"YYYY-MM-DD HH:MM:SS.fffffffff\"},{\"type\":\"Existing\",\"name\":\"SuggestedRetailPrice\",\"attributeReference\":{\"entity\":\"ProductPriceList.cdm.json/ProductPriceList\",\"name\":\"SuggestedRetailPrice\"},\"dataType\":\"decimal\",\"dataTypeLength\":18,\"scale\":2},{\"type\":\"Existing\",\"name\":\"ListPrice\",\"attributeReference\":{\"entity\":\"ProductPriceList.cdm.json/ProductPriceList\",\"name\":\"ListPrice\"},\"dataType\":\"decimal\",\"dataTypeLength\":18,\"scale\":2},{\"type\":\"Existing\",\"name\":\"TargetReturnPrice\",\"attributeReference\":{\"entity\":\"ProductPriceList.cdm.json/ProductPriceList\",\"name\":\"TargetReturnPrice\"},\"dataType\":\"decimal\",\"dataTypeLength\":18,\"scale\":2},{\"type\":\"Existing\",\"name\":\"StandardCost\",\"attributeReference\":{\"entity\":\"ProductPriceList.cdm.json/ProductPriceList\",\"name\":\"StandardCost\"},\"dataType\":\"decimal\",\"dataTypeLength\":18,\"scale\":2},{\"type\":\"Existing\",\"name\":\"MarginAmount\",\"attributeReference\":{\"entity\":\"ProductPriceList.cdm.json/ProductPriceList\",\"name\":\"MarginAmount\"},\"dataType\":\"decimal\",\"dataTypeLength\":18,\"scale\":2},{\"type\":\"Existing\",\"name\":\"BreakEventPointAmount\",\"attributeReference\":{\"entity\":\"ProductPriceList.cdm.json/ProductPriceList\",\"name\":\"BreakEventPointAmount\"},\"dataType\":\"decimal\",\"dataTypeLength\":18,\"scale\":2}]}}}",
			"Description": "The Price List for a Product as defined for a Country for a specific period.",
			"DisplayFolderInfo": "{\"name\":\"Product\",\"colorCode\":\"#003C96\"}",
			"PrimaryKeys": "ProductId,PriceListTypeId,CountryId,IsoCurrencyCode,PricingUomId,PeriodStartTimestamp",
			"spark.sql.sources.provider": "csv"
		},
		"Retention": 0,
		"Temporary": false,
		"IsRewriteEnabled": false
	},
	"type": "TABLE"
}