{
	"name": "Promotion",
	"properties": {
		"Namespace": {
			"DatabaseName": "tcsSource"
		},
		"Name": "Promotion",
		"Description": "A planned activity or marketing activity to raise the visibility or increase sales of a product, service or concept.",
		"EntityType": "TABLE",
		"TableType": "EXTERNAL",
		"Origin": {
			"Type": "SPARK"
		},
		"StorageDescriptor": {
			"Columns": [
				{
					"Name": "PromotionId",
					"Description": "The unique identifier of a Promotion.",
					"BaseAttributeReference": {
						"Entity": "Promotion.cdm.json/Promotion",
						"Name": "PromotionId"
					},
					"OriginDataTypeName": {
						"TypeName": "integer",
						"IsComplexType": false,
						"IsNullable": false,
						"Properties": {
							"HIVE_TYPE_STRING": "integer"
						}
					}
				},
				{
					"Name": "PromotionName",
					"Description": "The name of a Promotion.",
					"BaseAttributeReference": {
						"Entity": "Promotion.cdm.json/Promotion",
						"Name": "PromotionName"
					},
					"OriginDataTypeName": {
						"TypeName": "string",
						"IsComplexType": false,
						"IsNullable": true,
						"Length": 128,
						"Properties": {
							"HIVE_TYPE_STRING": "string"
						}
					}
				},
				{
					"Name": "PromotionDescription",
					"Description": "The description of a Promotion.",
					"BaseAttributeReference": {
						"Entity": "Promotion.cdm.json/Promotion",
						"Name": "PromotionDescription"
					},
					"OriginDataTypeName": {
						"TypeName": "string",
						"IsComplexType": false,
						"IsNullable": true,
						"Length": 512,
						"Properties": {
							"HIVE_TYPE_STRING": "string"
						}
					}
				},
				{
					"Name": "PromotionStartDate",
					"Description": "The start date of a Promotion.",
					"BaseAttributeReference": {
						"Entity": "Promotion.cdm.json/Promotion",
						"Name": "PromotionStartDate"
					},
					"OriginDataTypeName": {
						"TypeName": "date",
						"IsComplexType": false,
						"IsNullable": true,
						"Properties": {
							"DateFormat": "YYYY-MM-DD",
							"HIVE_TYPE_STRING": "date"
						}
					}
				},
				{
					"Name": "PromotionEndDate",
					"Description": "The end date of a Promotion.",
					"BaseAttributeReference": {
						"Entity": "Promotion.cdm.json/Promotion",
						"Name": "PromotionEndDate"
					},
					"OriginDataTypeName": {
						"TypeName": "date",
						"IsComplexType": false,
						"IsNullable": true,
						"Properties": {
							"DateFormat": "YYYY-MM-DD",
							"HIVE_TYPE_STRING": "date"
						}
					}
				},
				{
					"Name": "PromotionEligibilityStatement",
					"Description": "A statement that describes the eligibility to participate in the Promotion.",
					"BaseAttributeReference": {
						"Entity": "Promotion.cdm.json/Promotion",
						"Name": "PromotionEligibilityStatement"
					},
					"OriginDataTypeName": {
						"TypeName": "string",
						"IsComplexType": false,
						"IsNullable": true,
						"Length": 2048,
						"Properties": {
							"HIVE_TYPE_STRING": "string"
						}
					}
				},
				{
					"Name": "PromotionRestrictionStatement",
					"Description": "A statement of the restrictions that apply to access to or participation in the Promotion.",
					"BaseAttributeReference": {
						"Entity": "Promotion.cdm.json/Promotion",
						"Name": "PromotionRestrictionStatement"
					},
					"OriginDataTypeName": {
						"TypeName": "string",
						"IsComplexType": false,
						"IsNullable": true,
						"Length": 2048,
						"Properties": {
							"HIVE_TYPE_STRING": "string"
						}
					}
				},
				{
					"Name": "PromotionDiscountPercentage",
					"Description": "The percentage discount applied to a transaction in conjunction with the promotion.",
					"BaseAttributeReference": {
						"Entity": "Promotion.cdm.json/Promotion",
						"Name": "PromotionDiscountPercentage"
					},
					"OriginDataTypeName": {
						"TypeName": "decimal",
						"IsComplexType": false,
						"IsNullable": true,
						"Precision": 18,
						"Scale": 8,
						"Properties": {
							"HIVE_TYPE_STRING": "decimal"
						}
					}
				},
				{
					"Name": "PromotionPerTransactionAmount",
					"Description": "The amount of discount per transaction applied in conjunction with the promotion.",
					"BaseAttributeReference": {
						"Entity": "Promotion.cdm.json/Promotion",
						"Name": "PromotionPerTransactionAmount"
					},
					"OriginDataTypeName": {
						"TypeName": "decimal",
						"IsComplexType": false,
						"IsNullable": true,
						"Precision": 18,
						"Scale": 2,
						"Properties": {
							"HIVE_TYPE_STRING": "decimal"
						}
					}
				},
				{
					"Name": "MaximumApplicableAmount",
					"Description": "The maximum amount of discount that may be applied to a transaction in conjunction with the promotion.",
					"BaseAttributeReference": {
						"Entity": "Promotion.cdm.json/Promotion",
						"Name": "MaximumApplicableAmount"
					},
					"OriginDataTypeName": {
						"TypeName": "decimal",
						"IsComplexType": false,
						"IsNullable": true,
						"Precision": 18,
						"Scale": 2,
						"Properties": {
							"HIVE_TYPE_STRING": "decimal"
						}
					}
				},
				{
					"Name": "MaximumAvailableAmount",
					"Description": "The maximum amount of discount that is available to the promotion.",
					"BaseAttributeReference": {
						"Entity": "Promotion.cdm.json/Promotion",
						"Name": "MaximumAvailableAmount"
					},
					"OriginDataTypeName": {
						"TypeName": "decimal",
						"IsComplexType": false,
						"IsNullable": true,
						"Precision": 18,
						"Scale": 2,
						"Properties": {
							"HIVE_TYPE_STRING": "decimal"
						}
					}
				},
				{
					"Name": "PromotionClassificationTypeId",
					"Description": "The unique identifier of a Promotion Classification Type.",
					"BaseAttributeReference": {
						"Entity": "Promotion.cdm.json/Promotion",
						"Name": "PromotionClassificationTypeId"
					},
					"OriginDataTypeName": {
						"TypeName": "integer",
						"IsComplexType": false,
						"IsNullable": true,
						"Properties": {
							"HIVE_TYPE_STRING": "integer"
						}
					}
				},
				{
					"Name": "PromotionTypeId",
					"Description": "The unique identifier of a Promotion Type.",
					"BaseAttributeReference": {
						"Entity": "Promotion.cdm.json/Promotion",
						"Name": "PromotionTypeId"
					},
					"OriginDataTypeName": {
						"TypeName": "integer",
						"IsComplexType": false,
						"IsNullable": true,
						"Properties": {
							"HIVE_TYPE_STRING": "integer"
						}
					}
				},
				{
					"Name": "PromotingPartyId",
					"Description": "The unique identifier of a Party.",
					"BaseAttributeReference": {
						"Entity": "Promotion.cdm.json/Promotion",
						"Name": "PromotingPartyId"
					},
					"OriginDataTypeName": {
						"TypeName": "long",
						"IsComplexType": false,
						"IsNullable": true,
						"Properties": {
							"HIVE_TYPE_STRING": "long"
						}
					}
				},
				{
					"Name": "MaximumUnitsAvailable",
					"Description": "The maximum number of units available to the promotion.",
					"BaseAttributeReference": {
						"Entity": "Promotion.cdm.json/Promotion",
						"Name": "MaximumUnitsAvailable"
					},
					"OriginDataTypeName": {
						"TypeName": "decimal",
						"IsComplexType": false,
						"IsNullable": true,
						"Precision": 18,
						"Scale": 2,
						"Properties": {
							"HIVE_TYPE_STRING": "decimal"
						}
					}
				},
				{
					"Name": "FreeShippingIndicator",
					"Description": "Indicates whether the promotion includes free shipping.",
					"BaseAttributeReference": {
						"Entity": "Promotion.cdm.json/Promotion",
						"Name": "FreeShippingIndicator"
					},
					"OriginDataTypeName": {
						"TypeName": "boolean",
						"IsComplexType": false,
						"IsNullable": true,
						"Properties": {
							"HIVE_TYPE_STRING": "boolean"
						}
					}
				},
				{
					"Name": "ItemSku",
					"Description": "The Stock Keeping Unit identifier, which is typically used for inventory-related activities.",
					"BaseAttributeReference": {
						"Entity": "Promotion.cdm.json/Promotion",
						"Name": "ItemSku"
					},
					"OriginDataTypeName": {
						"TypeName": "string",
						"IsComplexType": false,
						"IsNullable": true,
						"Length": 20,
						"Properties": {
							"HIVE_TYPE_STRING": "string"
						}
					}
				},
				{
					"Name": "ItemCost",
					"Description": "The cost associated with the item for the purpose of the promotion.",
					"BaseAttributeReference": {
						"Entity": "Promotion.cdm.json/Promotion",
						"Name": "ItemCost"
					},
					"OriginDataTypeName": {
						"TypeName": "decimal",
						"IsComplexType": false,
						"IsNullable": true,
						"Precision": 18,
						"Scale": 2,
						"Properties": {
							"HIVE_TYPE_STRING": "decimal"
						}
					}
				}
			],
			"Format": {
				"InputFormat": "org.apache.hadoop.mapred.SequenceFileInputFormat",
				"OutputFormat": "org.apache.hadoop.hive.ql.io.HiveSequenceFileOutputFormat",
				"FormatType": "csv",
				"SerializeLib": "org.apache.hadoop.hive.serde2.lazy.LazySimpleSerDe",
				"Properties": {
					"path": "abfss://filesystem@aamerriladls.dfs.core.windows.net/tcsSource/Promotion",
					"delimiter": ",",
					"firstRowAsHeader": "false",
					"serialization.format": "1",
					"escape": "\\",
					"FormatTypeSetToDatabaseDefault": true,
					"header": "false"
				}
			},
			"Source": {
				"Provider": "ADLS",
				"Location": "abfss://filesystem@aamerriladls.dfs.core.windows.net/tcsSource/Promotion",
				"Properties": {
					"LinkedServiceName": "AzureDataLakeStorage1",
					"LocationSetToDatabaseDefault": true
				}
			},
			"Properties": {
				"textinputformat.record.delimiter": ",",
				"compression": "{\"type\":\"None\",\"level\":\"optimal\"}",
				"derivedModelAttributeInfo": "{\"attributeReferences\":{\"PromotionId\":{\"entity\":\"Promotion.cdm.json/Promotion\",\"name\":\"PromotionId\"},\"PromotionName\":{\"entity\":\"Promotion.cdm.json/Promotion\",\"name\":\"PromotionName\"},\"PromotionDescription\":{\"entity\":\"Promotion.cdm.json/Promotion\",\"name\":\"PromotionDescription\"},\"PromotionStartDate\":{\"entity\":\"Promotion.cdm.json/Promotion\",\"name\":\"PromotionStartDate\"},\"PromotionEndDate\":{\"entity\":\"Promotion.cdm.json/Promotion\",\"name\":\"PromotionEndDate\"},\"PromotionEligibilityStatement\":{\"entity\":\"Promotion.cdm.json/Promotion\",\"name\":\"PromotionEligibilityStatement\"},\"PromotionRestrictionStatement\":{\"entity\":\"Promotion.cdm.json/Promotion\",\"name\":\"PromotionRestrictionStatement\"},\"PromotionDiscountPercentage\":{\"entity\":\"Promotion.cdm.json/Promotion\",\"name\":\"PromotionDiscountPercentage\"},\"PromotionPerTransactionAmount\":{\"entity\":\"Promotion.cdm.json/Promotion\",\"name\":\"PromotionPerTransactionAmount\"},\"MaximumApplicableAmount\":{\"entity\":\"Promotion.cdm.json/Promotion\",\"name\":\"MaximumApplicableAmount\"},\"MaximumAvailableAmount\":{\"entity\":\"Promotion.cdm.json/Promotion\",\"name\":\"MaximumAvailableAmount\"},\"PromotionClassificationTypeId\":{\"entity\":\"Promotion.cdm.json/Promotion\",\"name\":\"PromotionClassificationTypeId\"},\"PromotionTypeId\":{\"entity\":\"Promotion.cdm.json/Promotion\",\"name\":\"PromotionTypeId\"},\"PromotingPartyId\":{\"entity\":\"Promotion.cdm.json/Promotion\",\"name\":\"PromotingPartyId\"},\"MaximumUnitsAvailable\":{\"entity\":\"Promotion.cdm.json/Promotion\",\"name\":\"MaximumUnitsAvailable\"},\"FreeShippingIndicator\":{\"entity\":\"Promotion.cdm.json/Promotion\",\"name\":\"FreeShippingIndicator\"},\"ItemSku\":{\"entity\":\"Promotion.cdm.json/Promotion\",\"name\":\"ItemSku\"},\"ItemCost\":{\"entity\":\"Promotion.cdm.json/Promotion\",\"name\":\"ItemCost\"}}}"
			},
			"Compressed": false,
			"IsStoredAsSubdirectories": false
		},
		"Properties": {
			"DerivedModelEntityInfo": "{\"entityDirectives\":{\"baseEntityReference\":{\"name\":\"Promotion\",\"path\":\"Promotion.cdm.json/Promotion\"},\"description\":\"A planned activity or marketing activity to raise the visibility or increase sales of a product, service or concept.\",\"primaryKey\":[\"PromotionId\"],\"projectionInfo\":{\"attributes\":[{\"type\":\"Existing\",\"name\":\"PromotionId\",\"attributeReference\":{\"entity\":\"Promotion.cdm.json/Promotion\",\"name\":\"PromotionId\"},\"dataType\":\"integer\"},{\"type\":\"Existing\",\"name\":\"PromotionName\",\"attributeReference\":{\"entity\":\"Promotion.cdm.json/Promotion\",\"name\":\"PromotionName\"},\"dataType\":\"string\",\"dataTypeLength\":128},{\"type\":\"Existing\",\"name\":\"PromotionDescription\",\"attributeReference\":{\"entity\":\"Promotion.cdm.json/Promotion\",\"name\":\"PromotionDescription\"},\"dataType\":\"string\",\"dataTypeLength\":512},{\"type\":\"Existing\",\"name\":\"PromotionStartDate\",\"attributeReference\":{\"entity\":\"Promotion.cdm.json/Promotion\",\"name\":\"PromotionStartDate\"},\"dataType\":\"date\",\"dateFormat\":\"YYYY-MM-DD\"},{\"type\":\"Existing\",\"name\":\"PromotionEndDate\",\"attributeReference\":{\"entity\":\"Promotion.cdm.json/Promotion\",\"name\":\"PromotionEndDate\"},\"dataType\":\"date\",\"dateFormat\":\"YYYY-MM-DD\"},{\"type\":\"Existing\",\"name\":\"PromotionEligibilityStatement\",\"attributeReference\":{\"entity\":\"Promotion.cdm.json/Promotion\",\"name\":\"PromotionEligibilityStatement\"},\"dataType\":\"string\",\"dataTypeLength\":2048},{\"type\":\"Existing\",\"name\":\"PromotionRestrictionStatement\",\"attributeReference\":{\"entity\":\"Promotion.cdm.json/Promotion\",\"name\":\"PromotionRestrictionStatement\"},\"dataType\":\"string\",\"dataTypeLength\":2048},{\"type\":\"Existing\",\"name\":\"PromotionDiscountPercentage\",\"attributeReference\":{\"entity\":\"Promotion.cdm.json/Promotion\",\"name\":\"PromotionDiscountPercentage\"},\"dataType\":\"decimal\",\"dataTypeLength\":18,\"scale\":8},{\"type\":\"Existing\",\"name\":\"PromotionPerTransactionAmount\",\"attributeReference\":{\"entity\":\"Promotion.cdm.json/Promotion\",\"name\":\"PromotionPerTransactionAmount\"},\"dataType\":\"decimal\",\"dataTypeLength\":18,\"scale\":2},{\"type\":\"Existing\",\"name\":\"MaximumApplicableAmount\",\"attributeReference\":{\"entity\":\"Promotion.cdm.json/Promotion\",\"name\":\"MaximumApplicableAmount\"},\"dataType\":\"decimal\",\"dataTypeLength\":18,\"scale\":2},{\"type\":\"Existing\",\"name\":\"MaximumAvailableAmount\",\"attributeReference\":{\"entity\":\"Promotion.cdm.json/Promotion\",\"name\":\"MaximumAvailableAmount\"},\"dataType\":\"decimal\",\"dataTypeLength\":18,\"scale\":2},{\"type\":\"Existing\",\"name\":\"PromotionClassificationTypeId\",\"attributeReference\":{\"entity\":\"Promotion.cdm.json/Promotion\",\"name\":\"PromotionClassificationTypeId\"},\"dataType\":\"integer\"},{\"type\":\"Existing\",\"name\":\"PromotionTypeId\",\"attributeReference\":{\"entity\":\"Promotion.cdm.json/Promotion\",\"name\":\"PromotionTypeId\"},\"dataType\":\"integer\"},{\"type\":\"Existing\",\"name\":\"PromotingPartyId\",\"attributeReference\":{\"entity\":\"Promotion.cdm.json/Promotion\",\"name\":\"PromotingPartyId\"},\"dataType\":\"long\"},{\"type\":\"Existing\",\"name\":\"MaximumUnitsAvailable\",\"attributeReference\":{\"entity\":\"Promotion.cdm.json/Promotion\",\"name\":\"MaximumUnitsAvailable\"},\"dataType\":\"decimal\",\"dataTypeLength\":18,\"scale\":2},{\"type\":\"Existing\",\"name\":\"FreeShippingIndicator\",\"attributeReference\":{\"entity\":\"Promotion.cdm.json/Promotion\",\"name\":\"FreeShippingIndicator\"},\"dataType\":\"boolean\"},{\"type\":\"Existing\",\"name\":\"ItemSku\",\"attributeReference\":{\"entity\":\"Promotion.cdm.json/Promotion\",\"name\":\"ItemSku\"},\"dataType\":\"string\",\"dataTypeLength\":20},{\"type\":\"Existing\",\"name\":\"ItemCost\",\"attributeReference\":{\"entity\":\"Promotion.cdm.json/Promotion\",\"name\":\"ItemCost\"},\"dataType\":\"decimal\",\"dataTypeLength\":18,\"scale\":2}]}}}",
			"Description": "A planned activity or marketing activity to raise the visibility or increase sales of a product, service or concept.",
			"DisplayFolderInfo": "{\"name\":\"Marketing & Advertising\",\"colorCode\":\"#F04EB2\"}",
			"PrimaryKeys": "PromotionId",
			"spark.sql.sources.provider": "csv"
		},
		"Retention": 0,
		"Temporary": false,
		"IsRewriteEnabled": false
	},
	"type": "TABLE"
}