{
	"name": "RetailProduct",
	"properties": {
		"Namespace": {
			"DatabaseName": "tcsSource"
		},
		"Name": "RetailProduct",
		"Description": "A product is anything that can be offered to a market that might satisfy a want or need by potential customers.    That product is the sum of all physical, psychological, symbolic, and service attributes associated with it.\n\nThere are two basic types of products:\n\n- Tangible (physical)\n- Intangible (non-physical) such as services\n\nA service is a non-material or intangible product - such as professional consultancy, maintenance service, repair service etc.\nEach product has its own benefits, application, brand name, and packaging that gives it its own identity and distinguishing characteristics.\n\nEvery business or organization has business rules that define precisely what a product is.    While we intuitively know what a product is, we must quantify that knowledge and associated business rules with consistent definitions that can be implemented within the organization in strategies and applications.\n\nA product typically goes through five stages of development:\n\n(1) Idea Stage - involving a thorough evaluation of the potential product\n\n(2) Concept Stage - determines customer acceptance by testing and presentation to consumers and distribution channel members.   Specific aspects regarding quality, dependability, reliability, warranty, packaging, service, pricing, terms of sale, sales and distribution channels, advertising and promotions are evaluated.\n\n(3) Product Development Stage - transforms the prototype product into an actual product for mass sale.   This stage requires close interaction between both marketing and manufacturing.\n\n(4) Test Marketing Stage - may or may not be used since it is an expensive and time-consuming process.  Test marketing involves evaluating various product options and alternatives.\n\n(5) Commercialization - It is very expensive to launch a new product so commercialization only applies to those specific products that are actually going to be sold to the market.\n\nProducts tend to be categorized as either:  Industrial goods and consumer goods\n\nIndustrial goods are used to produce other products .\n\nIndustrial goods may be further divided into:\n\n- Raw materials\n- Equipment\n- Pre-built materials \n- Supplies.\n\nConsumer goods are intended for consumption by the general public.\n\nConsumer goods may be further divided into:\n\n- Durable goods\n- Nondurable goods\n- Packaged goods\n\nA product may be a member of a product family or product line.\n\nA product family is a grouping of products or services that are related to each other by common function, functionality, design platform or similar characteristics.\n\nMembers of a product family frequently have many common parts and assemblies.\n\nProduct families are the highest level of grouping for forecasting, capacity planning or related functions.\n\nEx:\nThe Apple Macintosh family of products consists of the product lines:\n- Mac mini\n- MacBook Pro\n- Mac Pro\n\nA product line is a grouping of products that are closely related in usage, functionality or marketing characteristics.\n\nA Product Family typically is created to address one or five functions:\n\n1. To increase profits and not erode the sales of existing products\n\n2. To attract additional Markets or Market Segments\n\n3. To counter competitor's products\n\n4. To fill a gap in an existing Product Family.\n\n5. To promote sales of other products in the family line\n\nLine Depth refers to the number of products in the product line.\n\nLine consistency refers to how closely related the products are that make up the product line.\n\nLine vulnerability refers to the percentage of sales or profits that are derived from only a few products in the product line.\n\nProduct width refers to the number of different product lines sold by a company.\n\nProduct mix refers to the total number of products sold in all product lines.\n\nLine extension refers to the adding of a new product to a line.\n\n\"Trading up or brand leveraging\" refers to adding a product of better quality to a product line than the other products in that line.\n\n\"Trading down\" refers to adding a product of lesser quality to a product line than the other products in that line.\n\nIf a line of products is sold with the same brand name, this is referred to as family branding.\nStrategy and decisions regarding a product line are usually incorporated in a high-level marketing plan addressing product line strategy, sales, channels, distribution channels, pricing and related issues.\nA product-line manager is responsible for a product line and supervises several product managers who are responsible for individual products within the line.\nProduct-line managers typically have the following responsibilities:\n- Expansion and composition of a product line\n- Evaluate the effects of product mixes on the profitability of other items in the line\n- Planning and allocation of resources to individual products in the line\nA product is normally associated with a brand strategy - manufacturer, private or generic.\n\n1. Manufacturer-  or 'national' branding in which the brand is assigned by the manufacturer of the Product.\n\n2. Private - or 'dealer' branding in which the brand is assigned by the retailer or wholesaler of the Product.\n\n3. Generic - in which the Product is not marked with any identification.   Generic brands are a means for manufacturers to increase profits by saving on advertising, packaging or other costs associated with manufacturer or private branding.\n\nA brand is name, term, sign, symbol or design or a combination of these which identify the goods or services and differentiate them from those of competitors'\n\nA Trade mark is a brand or some part of the brand that is given legal protection because it is capable of exclusive appropriation and representation.\n\nManufacturers can use their own brands (known as Manufacturers' brands) or brands of their distributors (Distributors' brands).\n\nManufacturers/ distributors use brand names for a variety of reasons ranging from simple identification purposes to having legal protection for unique features of the products from imitations.\n\nBrands help consumers recognize certain quality parameters. In some cases, brands are just used to endow the product with unique story and character which itself can be a basis for product differentiation.\n\nIndividual brands have their own identity and the corporate or common name is not used to promote its equity.\n\nIndividual branding requires more expensive advertising and brand extensive brand creation investments.  By extension, each new brand does not benefit from the positive perceptions of earlier brands.\n\nBy contrast, family branding has several advantages.\n\nEach new product is quickly associated with the other products and brand in terms of quality and benefits.\n\nReduced or eliminated time for name identification and advertising for name recognition purposes.",
		"EntityType": "TABLE",
		"TableType": "EXTERNAL",
		"Origin": {
			"Type": "SPARK"
		},
		"StorageDescriptor": {
			"Columns": [
				{
					"Name": "ProductId",
					"Description": "The unique identifier of a Product.",
					"BaseAttributeReference": {
						"Entity": "RetailProduct.cdm.json/RetailProduct",
						"Name": "ProductId"
					},
					"OriginDataTypeName": {
						"TypeName": "long",
						"IsComplexType": false,
						"IsNullable": false,
						"Properties": {
							"HIVE_TYPE_STRING": "long"
						}
					}
				},
				{
					"Name": "ProductName",
					"Description": "The name of the Product, which normally corresponds to the 'marketing name' of the Product.",
					"BaseAttributeReference": {
						"Entity": "RetailProduct.cdm.json/RetailProduct",
						"Name": "ProductName"
					},
					"OriginDataTypeName": {
						"TypeName": "string",
						"IsComplexType": false,
						"IsNullable": true,
						"Length": 128,
						"Properties": {
							"HIVE_TYPE_STRING": "string"
						}
					}
				},
				{
					"Name": "ProductDescription",
					"Description": "The description of the Product.",
					"BaseAttributeReference": {
						"Entity": "RetailProduct.cdm.json/RetailProduct",
						"Name": "ProductDescription"
					},
					"OriginDataTypeName": {
						"TypeName": "string",
						"IsComplexType": false,
						"IsNullable": true,
						"Length": 512,
						"Properties": {
							"HIVE_TYPE_STRING": "string"
						}
					}
				}
			],
			"Format": {
				"InputFormat": "org.apache.hadoop.mapred.SequenceFileInputFormat",
				"OutputFormat": "org.apache.hadoop.hive.ql.io.HiveSequenceFileOutputFormat",
				"FormatType": "csv",
				"SerializeLib": "org.apache.hadoop.hive.serde2.lazy.LazySimpleSerDe",
				"Properties": {
					"path": "abfss://filesystem@aamerriladls.dfs.core.windows.net/tcsSource/RetailProduct",
					"delimiter": ",",
					"firstRowAsHeader": "false",
					"serialization.format": "1",
					"escape": "\\",
					"FormatTypeSetToDatabaseDefault": true,
					"header": "false"
				}
			},
			"Source": {
				"Provider": "ADLS",
				"Location": "abfss://filesystem@aamerriladls.dfs.core.windows.net/tcsSource/RetailProduct",
				"Properties": {
					"LinkedServiceName": "AzureDataLakeStorage1",
					"LocationSetToDatabaseDefault": true
				}
			},
			"Properties": {
				"textinputformat.record.delimiter": ",",
				"compression": "{\"type\":\"None\",\"level\":\"optimal\"}",
				"derivedModelAttributeInfo": "{\"attributeReferences\":{\"ProductId\":{\"entity\":\"RetailProduct.cdm.json/RetailProduct\",\"name\":\"ProductId\"},\"ProductName\":{\"entity\":\"RetailProduct.cdm.json/RetailProduct\",\"name\":\"ProductName\"},\"ProductDescription\":{\"entity\":\"RetailProduct.cdm.json/RetailProduct\",\"name\":\"ProductDescription\"}}}"
			},
			"Compressed": false,
			"IsStoredAsSubdirectories": false
		},
		"Properties": {
			"DerivedModelEntityInfo": "{\"entityDirectives\":{\"baseEntityReference\":{\"name\":\"RetailProduct\",\"path\":\"RetailProduct.cdm.json/RetailProduct\"},\"description\":\"A product is anything that can be offered to a market that might satisfy a want or need by potential customers.    That product is the sum of all physical, psychological, symbolic, and service attributes associated with it.\\n\\nThere are two basic types of products:\\n\\n- Tangible (physical)\\n- Intangible (non-physical) such as services\\n\\nA service is a non-material or intangible product - such as professional consultancy, maintenance service, repair service etc.\\nEach product has its own benefits, application, brand name, and packaging that gives it its own identity and distinguishing characteristics.\\n\\nEvery business or organization has business rules that define precisely what a product is.    While we intuitively know what a product is, we must quantify that knowledge and associated business rules with consistent definitions that can be implemented within the organization in strategies and applications.\\n\\nA product typically goes through five stages of development:\\n\\n(1) Idea Stage - involving a thorough evaluation of the potential product\\n\\n(2) Concept Stage - determines customer acceptance by testing and presentation to consumers and distribution channel members.   Specific aspects regarding quality, dependability, reliability, warranty, packaging, service, pricing, terms of sale, sales and distribution channels, advertising and promotions are evaluated.\\n\\n(3) Product Development Stage - transforms the prototype product into an actual product for mass sale.   This stage requires close interaction between both marketing and manufacturing.\\n\\n(4) Test Marketing Stage - may or may not be used since it is an expensive and time-consuming process.  Test marketing involves evaluating various product options and alternatives.\\n\\n(5) Commercialization - It is very expensive to launch a new product so commercialization only applies to those specific products that are actually going to be sold to the market.\\n\\nProducts tend to be categorized as either:  Industrial goods and consumer goods\\n\\nIndustrial goods are used to produce other products .\\n\\nIndustrial goods may be further divided into:\\n\\n- Raw materials\\n- Equipment\\n- Pre-built materials \\n- Supplies.\\n\\nConsumer goods are intended for consumption by the general public.\\n\\nConsumer goods may be further divided into:\\n\\n- Durable goods\\n- Nondurable goods\\n- Packaged goods\\n\\nA product may be a member of a product family or product line.\\n\\nA product family is a grouping of products or services that are related to each other by common function, functionality, design platform or similar characteristics.\\n\\nMembers of a product family frequently have many common parts and assemblies.\\n\\nProduct families are the highest level of grouping for forecasting, capacity planning or related functions.\\n\\nEx:\\nThe Apple Macintosh family of products consists of the product lines:\\n- Mac mini\\n- MacBook Pro\\n- Mac Pro\\n\\nA product line is a grouping of products that are closely related in usage, functionality or marketing characteristics.\\n\\nA Product Family typically is created to address one or five functions:\\n\\n1. To increase profits and not erode the sales of existing products\\n\\n2. To attract additional Markets or Market Segments\\n\\n3. To counter competitor's products\\n\\n4. To fill a gap in an existing Product Family.\\n\\n5. To promote sales of other products in the family line\\n\\nLine Depth refers to the number of products in the product line.\\n\\nLine consistency refers to how closely related the products are that make up the product line.\\n\\nLine vulnerability refers to the percentage of sales or profits that are derived from only a few products in the product line.\\n\\nProduct width refers to the number of different product lines sold by a company.\\n\\nProduct mix refers to the total number of products sold in all product lines.\\n\\nLine extension refers to the adding of a new product to a line.\\n\\n\\\"Trading up or brand leveraging\\\" refers to adding a product of better quality to a product line than the other products in that line.\\n\\n\\\"Trading down\\\" refers to adding a product of lesser quality to a product line than the other products in that line.\\n\\nIf a line of products is sold with the same brand name, this is referred to as family branding.\\nStrategy and decisions regarding a product line are usually incorporated in a high-level marketing plan addressing product line strategy, sales, channels, distribution channels, pricing and related issues.\\nA product-line manager is responsible for a product line and supervises several product managers who are responsible for individual products within the line.\\nProduct-line managers typically have the following responsibilities:\\n- Expansion and composition of a product line\\n- Evaluate the effects of product mixes on the profitability of other items in the line\\n- Planning and allocation of resources to individual products in the line\\nA product is normally associated with a brand strategy - manufacturer, private or generic.\\n\\n1. Manufacturer-  or 'national' branding in which the brand is assigned by the manufacturer of the Product.\\n\\n2. Private - or 'dealer' branding in which the brand is assigned by the retailer or wholesaler of the Product.\\n\\n3. Generic - in which the Product is not marked with any identification.   Generic brands are a means for manufacturers to increase profits by saving on advertising, packaging or other costs associated with manufacturer or private branding.\\n\\nA brand is name, term, sign, symbol or design or a combination of these which identify the goods or services and differentiate them from those of competitors'\\n\\nA Trade mark is a brand or some part of the brand that is given legal protection because it is capable of exclusive appropriation and representation.\\n\\nManufacturers can use their own brands (known as Manufacturers' brands) or brands of their distributors (Distributors' brands).\\n\\nManufacturers/ distributors use brand names for a variety of reasons ranging from simple identification purposes to having legal protection for unique features of the products from imitations.\\n\\nBrands help consumers recognize certain quality parameters. In some cases, brands are just used to endow the product with unique story and character which itself can be a basis for product differentiation.\\n\\nIndividual brands have their own identity and the corporate or common name is not used to promote its equity.\\n\\nIndividual branding requires more expensive advertising and brand extensive brand creation investments.  By extension, each new brand does not benefit from the positive perceptions of earlier brands.\\n\\nBy contrast, family branding has several advantages.\\n\\nEach new product is quickly associated with the other products and brand in terms of quality and benefits.\\n\\nReduced or eliminated time for name identification and advertising for name recognition purposes.\",\"primaryKey\":[\"ProductId\"],\"projectionInfo\":{\"attributes\":[{\"type\":\"Existing\",\"name\":\"ProductId\",\"attributeReference\":{\"entity\":\"RetailProduct.cdm.json/RetailProduct\",\"name\":\"ProductId\"},\"dataType\":\"long\"},{\"type\":\"Existing\",\"name\":\"ProductName\",\"attributeReference\":{\"entity\":\"RetailProduct.cdm.json/RetailProduct\",\"name\":\"ProductName\"},\"dataType\":\"string\",\"dataTypeLength\":128},{\"type\":\"Existing\",\"name\":\"ProductDescription\",\"attributeReference\":{\"entity\":\"RetailProduct.cdm.json/RetailProduct\",\"name\":\"ProductDescription\"},\"dataType\":\"string\",\"dataTypeLength\":512}]}}}",
			"Description": "A product is anything that can be offered to a market that might satisfy a want or need by potential customers.    That product is the sum of all physical, psychological, symbolic, and service attributes associated with it.\n\nThere are two basic types of products:\n\n- Tangible (physical)\n- Intangible (non-physical) such as services\n\nA service is a non-material or intangible product - such as professional consultancy, maintenance service, repair service etc.\nEach product has its own benefits, application, brand name, and packaging that gives it its own identity and distinguishing characteristics.\n\nEvery business or organization has business rules that define precisely what a product is.    While we intuitively know what a product is, we must quantify that knowledge and associated business rules with consistent definitions that can be implemented within the organization in strategies and applications.\n\nA product typically goes through five stages of development:\n\n(1) Idea Stage - involving a thorough evaluation of the potential product\n\n(2) Concept Stage - determines customer acceptance by testing and presentation to consumers and distribution channel members.   Specific aspects regarding quality, dependability, reliability, warranty, packaging, service, pricing, terms of sale, sales and distribution channels, advertising and promotions are evaluated.\n\n(3) Product Development Stage - transforms the prototype product into an actual product for mass sale.   This stage requires close interaction between both marketing and manufacturing.\n\n(4) Test Marketing Stage - may or may not be used since it is an expensive and time-consuming process.  Test marketing involves evaluating various product options and alternatives.\n\n(5) Commercialization - It is very expensive to launch a new product so commercialization only applies to those specific products that are actually going to be sold to the market.\n\nProducts tend to be categorized as either:  Industrial goods and consumer goods\n\nIndustrial goods are used to produce other products .\n\nIndustrial goods may be further divided into:\n\n- Raw materials\n- Equipment\n- Pre-built materials \n- Supplies.\n\nConsumer goods are intended for consumption by the general public.\n\nConsumer goods may be further divided into:\n\n- Durable goods\n- Nondurable goods\n- Packaged goods\n\nA product may be a member of a product family or product line.\n\nA product family is a grouping of products or services that are related to each other by common function, functionality, design platform or similar characteristics.\n\nMembers of a product family frequently have many common parts and assemblies.\n\nProduct families are the highest level of grouping for forecasting, capacity planning or related functions.\n\nEx:\nThe Apple Macintosh family of products consists of the product lines:\n- Mac mini\n- MacBook Pro\n- Mac Pro\n\nA product line is a grouping of products that are closely related in usage, functionality or marketing characteristics.\n\nA Product Family typically is created to address one or five functions:\n\n1. To increase profits and not erode the sales of existing products\n\n2. To attract additional Markets or Market Segments\n\n3. To counter competitor's products\n\n4. To fill a gap in an existing Product Family.\n\n5. To promote sales of other products in the family line\n\nLine Depth refers to the number of products in the product line.\n\nLine consistency refers to how closely related the products are that make up the product line.\n\nLine vulnerability refers to the percentage of sales or profits that are derived from only a few products in the product line.\n\nProduct width refers to the number of different product lines sold by a company.\n\nProduct mix refers to the total number of products sold in all product lines.\n\nLine extension refers to the adding of a new product to a line.\n\n\"Trading up or brand leveraging\" refers to adding a product of better quality to a product line than the other products in that line.\n\n\"Trading down\" refers to adding a product of lesser quality to a product line than the other products in that line.\n\nIf a line of products is sold with the same brand name, this is referred to as family branding.\nStrategy and decisions regarding a product line are usually incorporated in a high-level marketing plan addressing product line strategy, sales, channels, distribution channels, pricing and related issues.\nA product-line manager is responsible for a product line and supervises several product managers who are responsible for individual products within the line.\nProduct-line managers typically have the following responsibilities:\n- Expansion and composition of a product line\n- Evaluate the effects of product mixes on the profitability of other items in the line\n- Planning and allocation of resources to individual products in the line\nA product is normally associated with a brand strategy - manufacturer, private or generic.\n\n1. Manufacturer-  or 'national' branding in which the brand is assigned by the manufacturer of the Product.\n\n2. Private - or 'dealer' branding in which the brand is assigned by the retailer or wholesaler of the Product.\n\n3. Generic - in which the Product is not marked with any identification.   Generic brands are a means for manufacturers to increase profits by saving on advertising, packaging or other costs associated with manufacturer or private branding.\n\nA brand is name, term, sign, symbol or design or a combination of these which identify the goods or services and differentiate them from those of competitors'\n\nA Trade mark is a brand or some part of the brand that is given legal protection because it is capable of exclusive appropriation and representation.\n\nManufacturers can use their own brands (known as Manufacturers' brands) or brands of their distributors (Distributors' brands).\n\nManufacturers/ distributors use brand names for a variety of reasons ranging from simple identification purposes to having legal protection for unique features of the products from imitations.\n\nBrands help consumers recognize certain quality parameters. In some cases, brands are just used to endow the product with unique story and character which itself can be a basis for product differentiation.\n\nIndividual brands have their own identity and the corporate or common name is not used to promote its equity.\n\nIndividual branding requires more expensive advertising and brand extensive brand creation investments.  By extension, each new brand does not benefit from the positive perceptions of earlier brands.\n\nBy contrast, family branding has several advantages.\n\nEach new product is quickly associated with the other products and brand in terms of quality and benefits.\n\nReduced or eliminated time for name identification and advertising for name recognition purposes.",
			"DisplayFolderInfo": "{\"name\":\"Product\",\"colorCode\":\"#003C96\"}",
			"PrimaryKeys": "ProductId",
			"spark.sql.sources.provider": "csv"
		},
		"Retention": 0,
		"Temporary": false,
		"IsRewriteEnabled": false
	},
	"type": "TABLE"
}