{
	"name": "Store",
	"properties": {
		"Namespace": {
			"DatabaseName": "tcsSource"
		},
		"Name": "Store",
		"Description": "A retail/channel location where products, goods and services are sold to consumers.",
		"EntityType": "TABLE",
		"TableType": "EXTERNAL",
		"Origin": {
			"Type": "SPARK"
		},
		"StorageDescriptor": {
			"Columns": [
				{
					"Name": "StoreId",
					"Description": "The unique identifier of a Store.",
					"BaseAttributeReference": {
						"Entity": "Store.cdm.json/Store",
						"Name": "StoreId"
					},
					"OriginDataTypeName": {
						"TypeName": "integer",
						"IsComplexType": false,
						"IsNullable": false,
						"Properties": {
							"HIVE_TYPE_STRING": "integer"
						}
					}
				},
				{
					"Name": "StoreName",
					"Description": "The business name of the store.",
					"BaseAttributeReference": {
						"Entity": "Store.cdm.json/Store",
						"Name": "StoreName"
					},
					"OriginDataTypeName": {
						"TypeName": "string",
						"IsComplexType": false,
						"IsNullable": true,
						"Length": 128,
						"Properties": {
							"HIVE_TYPE_STRING": "string"
						}
					}
				},
				{
					"Name": "StoreShortName",
					"Description": "The business name of the store.",
					"BaseAttributeReference": {
						"Entity": "Store.cdm.json/Store",
						"Name": "StoreShortName"
					},
					"OriginDataTypeName": {
						"TypeName": "string",
						"IsComplexType": false,
						"IsNullable": true,
						"Length": 128,
						"Properties": {
							"HIVE_TYPE_STRING": "string"
						}
					}
				},
				{
					"Name": "LocationId",
					"Description": "The unique identifier of a Location.",
					"BaseAttributeReference": {
						"Entity": "Store.cdm.json/Store",
						"Name": "LocationId"
					},
					"OriginDataTypeName": {
						"TypeName": "integer",
						"IsComplexType": false,
						"IsNullable": true,
						"Properties": {
							"HIVE_TYPE_STRING": "integer"
						}
					}
				},
				{
					"Name": "OperatedByPartyId",
					"Description": "The unique identifier of a Party.",
					"BaseAttributeReference": {
						"Entity": "Store.cdm.json/Store",
						"Name": "OperatedByPartyId"
					},
					"OriginDataTypeName": {
						"TypeName": "long",
						"IsComplexType": false,
						"IsNullable": true,
						"Properties": {
							"HIVE_TYPE_STRING": "long"
						}
					}
				},
				{
					"Name": "StoreOpenDate",
					"Description": "The date that the store was first opened.",
					"BaseAttributeReference": {
						"Entity": "Store.cdm.json/Store",
						"Name": "StoreOpenDate"
					},
					"OriginDataTypeName": {
						"TypeName": "date",
						"IsComplexType": false,
						"IsNullable": true,
						"Properties": {
							"DateFormat": "YYYY-MM-DD",
							"HIVE_TYPE_STRING": "date"
						}
					}
				},
				{
					"Name": "StoreCloseDate",
					"Description": "The date that the store was permanently closed.",
					"BaseAttributeReference": {
						"Entity": "Store.cdm.json/Store",
						"Name": "StoreCloseDate"
					},
					"OriginDataTypeName": {
						"TypeName": "date",
						"IsComplexType": false,
						"IsNullable": true,
						"Properties": {
							"DateFormat": "YYYY-MM-DD",
							"HIVE_TYPE_STRING": "date"
						}
					}
				},
				{
					"Name": "StoreTelephoneNumber",
					"Description": "The Store telephone number.",
					"BaseAttributeReference": {
						"Entity": "Store.cdm.json/Store",
						"Name": "StoreTelephoneNumber"
					},
					"OriginDataTypeName": {
						"TypeName": "decimal",
						"IsComplexType": false,
						"IsNullable": true,
						"Precision": 15,
						"Scale": 0,
						"Properties": {
							"HIVE_TYPE_STRING": "decimal"
						}
					}
				},
				{
					"Name": "StoreFaxNumber",
					"Description": "The Store fax number.",
					"BaseAttributeReference": {
						"Entity": "Store.cdm.json/Store",
						"Name": "StoreFaxNumber"
					},
					"OriginDataTypeName": {
						"TypeName": "decimal",
						"IsComplexType": false,
						"IsNullable": true,
						"Precision": 15,
						"Scale": 0,
						"Properties": {
							"HIVE_TYPE_STRING": "decimal"
						}
					}
				},
				{
					"Name": "StoreEmailAddress",
					"Description": "The Store email address.",
					"BaseAttributeReference": {
						"Entity": "Store.cdm.json/Store",
						"Name": "StoreEmailAddress"
					},
					"OriginDataTypeName": {
						"TypeName": "string",
						"IsComplexType": false,
						"IsNullable": true,
						"Length": 256,
						"Properties": {
							"HIVE_TYPE_STRING": "string"
						}
					}
				},
				{
					"Name": "ChannelId",
					"Description": "The unique identifier of a Channel.",
					"BaseAttributeReference": {
						"Entity": "Store.cdm.json/Store",
						"Name": "ChannelId"
					},
					"OriginDataTypeName": {
						"TypeName": "integer",
						"IsComplexType": false,
						"IsNullable": true,
						"Properties": {
							"HIVE_TYPE_STRING": "integer"
						}
					}
				},
				{
					"Name": "GrossFloorArea",
					"Description": "The total floor area of the Store including display and support areas such as stock keeping, dressing rooms and building functions.",
					"BaseAttributeReference": {
						"Entity": "Store.cdm.json/Store",
						"Name": "GrossFloorArea"
					},
					"OriginDataTypeName": {
						"TypeName": "integer",
						"IsComplexType": false,
						"IsNullable": true,
						"Properties": {
							"HIVE_TYPE_STRING": "integer"
						}
					}
				},
				{
					"Name": "BuildingFunctionsArea",
					"Description": "The total building functions square footage, which includes air conditioning, heating and dockage.",
					"BaseAttributeReference": {
						"Entity": "Store.cdm.json/Store",
						"Name": "BuildingFunctionsArea"
					},
					"OriginDataTypeName": {
						"TypeName": "integer",
						"IsComplexType": false,
						"IsNullable": true,
						"Properties": {
							"HIVE_TYPE_STRING": "integer"
						}
					}
				},
				{
					"Name": "NonsellingArea",
					"Description": "The total non-selling square footage of the associated Store.",
					"BaseAttributeReference": {
						"Entity": "Store.cdm.json/Store",
						"Name": "NonsellingArea"
					},
					"OriginDataTypeName": {
						"TypeName": "integer",
						"IsComplexType": false,
						"IsNullable": true,
						"Properties": {
							"HIVE_TYPE_STRING": "integer"
						}
					}
				},
				{
					"Name": "AvailableSellingArea",
					"Description": "The total selling area within the Store expressed in square footage.",
					"BaseAttributeReference": {
						"Entity": "Store.cdm.json/Store",
						"Name": "AvailableSellingArea"
					},
					"OriginDataTypeName": {
						"TypeName": "integer",
						"IsComplexType": false,
						"IsNullable": true,
						"Properties": {
							"HIVE_TYPE_STRING": "integer"
						}
					}
				},
				{
					"Name": "NumberOfFloors",
					"Description": "The number of floors of the Store.",
					"BaseAttributeReference": {
						"Entity": "Store.cdm.json/Store",
						"Name": "NumberOfFloors"
					},
					"OriginDataTypeName": {
						"TypeName": "integer",
						"IsComplexType": false,
						"IsNullable": true,
						"Properties": {
							"HIVE_TYPE_STRING": "integer"
						}
					}
				},
				{
					"Name": "TerritoryId",
					"Description": "The unique identifier of a Territory.",
					"BaseAttributeReference": {
						"Entity": "Store.cdm.json/Store",
						"Name": "TerritoryId"
					},
					"OriginDataTypeName": {
						"TypeName": "integer",
						"IsComplexType": false,
						"IsNullable": true,
						"Properties": {
							"HIVE_TYPE_STRING": "integer"
						}
					}
				},
				{
					"Name": "AreaId",
					"Description": "The unique identifier of a Territory.",
					"BaseAttributeReference": {
						"Entity": "Store.cdm.json/Store",
						"Name": "AreaId"
					},
					"OriginDataTypeName": {
						"TypeName": "integer",
						"IsComplexType": false,
						"IsNullable": true,
						"Properties": {
							"HIVE_TYPE_STRING": "integer"
						}
					}
				},
				{
					"Name": "RegionId",
					"Description": "The unique identifier of a Territory.",
					"BaseAttributeReference": {
						"Entity": "Store.cdm.json/Store",
						"Name": "RegionId"
					},
					"OriginDataTypeName": {
						"TypeName": "integer",
						"IsComplexType": false,
						"IsNullable": true,
						"Properties": {
							"HIVE_TYPE_STRING": "integer"
						}
					}
				},
				{
					"Name": "DistrictId",
					"Description": "The unique identifier of a Territory.",
					"BaseAttributeReference": {
						"Entity": "Store.cdm.json/Store",
						"Name": "DistrictId"
					},
					"OriginDataTypeName": {
						"TypeName": "integer",
						"IsComplexType": false,
						"IsNullable": true,
						"Properties": {
							"HIVE_TYPE_STRING": "integer"
						}
					}
				},
				{
					"Name": "StoreTypeId",
					"Description": "The unique identifier of a Store Type.",
					"BaseAttributeReference": {
						"Entity": "Store.cdm.json/Store",
						"Name": "StoreTypeId"
					},
					"OriginDataTypeName": {
						"TypeName": "integer",
						"IsComplexType": false,
						"IsNullable": true,
						"Properties": {
							"HIVE_TYPE_STRING": "integer"
						}
					}
				},
				{
					"Name": "StoreCategoryId",
					"Description": "The unique identifier of a Store Category.",
					"BaseAttributeReference": {
						"Entity": "Store.cdm.json/Store",
						"Name": "StoreCategoryId"
					},
					"OriginDataTypeName": {
						"TypeName": "integer",
						"IsComplexType": false,
						"IsNullable": true,
						"Properties": {
							"HIVE_TYPE_STRING": "integer"
						}
					}
				},
				{
					"Name": "StorePartyId",
					"Description": "The unique identifier of a Party.",
					"BaseAttributeReference": {
						"Entity": "Store.cdm.json/Store",
						"Name": "StorePartyId"
					},
					"OriginDataTypeName": {
						"TypeName": "long",
						"IsComplexType": false,
						"IsNullable": true,
						"Properties": {
							"HIVE_TYPE_STRING": "long"
						}
					}
				},
				{
					"Name": "MerchantId",
					"Description": "The Merchant Identification (MID) is a unique number that identifies your merchant account to payment processing networks and to your payment software.\n\nA series or group of digits that uniquely identifies the merchant to the merchant signing bank for account and billing purposes. \n\nWhen a merchant retains the services of a credit card processor, it is issued a merchant ID.",
					"BaseAttributeReference": {
						"Entity": "Store.cdm.json/Store",
						"Name": "MerchantId"
					},
					"OriginDataTypeName": {
						"TypeName": "integer",
						"IsComplexType": false,
						"IsNullable": false,
						"Properties": {
							"HIVE_TYPE_STRING": "integer"
						}
					}
				},
				{
					"Name": "BrandId",
					"Description": "The unique identifier of a Brand.",
					"BaseAttributeReference": {
						"Entity": "Store.cdm.json/Store",
						"Name": "BrandId"
					},
					"OriginDataTypeName": {
						"TypeName": "integer",
						"IsComplexType": false,
						"IsNullable": true,
						"Properties": {
							"HIVE_TYPE_STRING": "integer"
						}
					}
				},
				{
					"Name": "FranchiseeId",
					"Description": "The unique identifier of a Franchisee.",
					"BaseAttributeReference": {
						"Entity": "Store.cdm.json/Store",
						"Name": "FranchiseeId"
					},
					"OriginDataTypeName": {
						"TypeName": "integer",
						"IsComplexType": false,
						"IsNullable": true,
						"Properties": {
							"HIVE_TYPE_STRING": "integer"
						}
					}
				}
			],
			"Format": {
				"InputFormat": "org.apache.hadoop.mapred.SequenceFileInputFormat",
				"OutputFormat": "org.apache.hadoop.hive.ql.io.HiveSequenceFileOutputFormat",
				"FormatType": "csv",
				"SerializeLib": "org.apache.hadoop.hive.serde2.lazy.LazySimpleSerDe",
				"Properties": {
					"path": "abfss://filesystem@aamerriladls.dfs.core.windows.net/tcsSource/Store",
					"delimiter": ",",
					"firstRowAsHeader": "false",
					"serialization.format": "1",
					"escape": "\\",
					"FormatTypeSetToDatabaseDefault": true,
					"header": "false"
				}
			},
			"Source": {
				"Provider": "ADLS",
				"Location": "abfss://filesystem@aamerriladls.dfs.core.windows.net/tcsSource/Store",
				"Properties": {
					"LinkedServiceName": "AzureDataLakeStorage1",
					"LocationSetToDatabaseDefault": true
				}
			},
			"Properties": {
				"textinputformat.record.delimiter": ",",
				"compression": "{\"type\":\"None\",\"level\":\"optimal\"}",
				"derivedModelAttributeInfo": "{\"attributeReferences\":{\"StoreId\":{\"entity\":\"Store.cdm.json/Store\",\"name\":\"StoreId\"},\"StoreName\":{\"entity\":\"Store.cdm.json/Store\",\"name\":\"StoreName\"},\"StoreShortName\":{\"entity\":\"Store.cdm.json/Store\",\"name\":\"StoreShortName\"},\"LocationId\":{\"entity\":\"Store.cdm.json/Store\",\"name\":\"LocationId\"},\"OperatedByPartyId\":{\"entity\":\"Store.cdm.json/Store\",\"name\":\"OperatedByPartyId\"},\"StoreOpenDate\":{\"entity\":\"Store.cdm.json/Store\",\"name\":\"StoreOpenDate\"},\"StoreCloseDate\":{\"entity\":\"Store.cdm.json/Store\",\"name\":\"StoreCloseDate\"},\"StoreTelephoneNumber\":{\"entity\":\"Store.cdm.json/Store\",\"name\":\"StoreTelephoneNumber\"},\"StoreFaxNumber\":{\"entity\":\"Store.cdm.json/Store\",\"name\":\"StoreFaxNumber\"},\"StoreEmailAddress\":{\"entity\":\"Store.cdm.json/Store\",\"name\":\"StoreEmailAddress\"},\"ChannelId\":{\"entity\":\"Store.cdm.json/Store\",\"name\":\"ChannelId\"},\"GrossFloorArea\":{\"entity\":\"Store.cdm.json/Store\",\"name\":\"GrossFloorArea\"},\"BuildingFunctionsArea\":{\"entity\":\"Store.cdm.json/Store\",\"name\":\"BuildingFunctionsArea\"},\"NonsellingArea\":{\"entity\":\"Store.cdm.json/Store\",\"name\":\"NonsellingArea\"},\"AvailableSellingArea\":{\"entity\":\"Store.cdm.json/Store\",\"name\":\"AvailableSellingArea\"},\"NumberOfFloors\":{\"entity\":\"Store.cdm.json/Store\",\"name\":\"NumberOfFloors\"},\"TerritoryId\":{\"entity\":\"Store.cdm.json/Store\",\"name\":\"TerritoryId\"},\"AreaId\":{\"entity\":\"Store.cdm.json/Store\",\"name\":\"AreaId\"},\"RegionId\":{\"entity\":\"Store.cdm.json/Store\",\"name\":\"RegionId\"},\"DistrictId\":{\"entity\":\"Store.cdm.json/Store\",\"name\":\"DistrictId\"},\"StoreTypeId\":{\"entity\":\"Store.cdm.json/Store\",\"name\":\"StoreTypeId\"},\"StoreCategoryId\":{\"entity\":\"Store.cdm.json/Store\",\"name\":\"StoreCategoryId\"},\"StorePartyId\":{\"entity\":\"Store.cdm.json/Store\",\"name\":\"StorePartyId\"},\"MerchantId\":{\"entity\":\"Store.cdm.json/Store\",\"name\":\"MerchantId\"},\"BrandId\":{\"entity\":\"Store.cdm.json/Store\",\"name\":\"BrandId\"},\"FranchiseeId\":{\"entity\":\"Store.cdm.json/Store\",\"name\":\"FranchiseeId\"}}}"
			},
			"Compressed": false,
			"IsStoredAsSubdirectories": false
		},
		"Properties": {
			"DerivedModelEntityInfo": "{\"entityDirectives\":{\"baseEntityReference\":{\"name\":\"Store\",\"path\":\"Store.cdm.json/Store\"},\"description\":\"A retail/channel location where products, goods and services are sold to consumers.\",\"primaryKey\":[\"StoreId\"],\"projectionInfo\":{\"attributes\":[{\"type\":\"Existing\",\"name\":\"StoreId\",\"attributeReference\":{\"entity\":\"Store.cdm.json/Store\",\"name\":\"StoreId\"},\"dataType\":\"integer\"},{\"type\":\"Existing\",\"name\":\"StoreName\",\"attributeReference\":{\"entity\":\"Store.cdm.json/Store\",\"name\":\"StoreName\"},\"dataType\":\"string\",\"dataTypeLength\":128},{\"type\":\"Existing\",\"name\":\"StoreShortName\",\"attributeReference\":{\"entity\":\"Store.cdm.json/Store\",\"name\":\"StoreShortName\"},\"dataType\":\"string\",\"dataTypeLength\":128},{\"type\":\"Existing\",\"name\":\"LocationId\",\"attributeReference\":{\"entity\":\"Store.cdm.json/Store\",\"name\":\"LocationId\"},\"dataType\":\"integer\"},{\"type\":\"Existing\",\"name\":\"OperatedByPartyId\",\"attributeReference\":{\"entity\":\"Store.cdm.json/Store\",\"name\":\"OperatedByPartyId\"},\"dataType\":\"long\"},{\"type\":\"Existing\",\"name\":\"StoreOpenDate\",\"attributeReference\":{\"entity\":\"Store.cdm.json/Store\",\"name\":\"StoreOpenDate\"},\"dataType\":\"date\",\"dateFormat\":\"YYYY-MM-DD\"},{\"type\":\"Existing\",\"name\":\"StoreCloseDate\",\"attributeReference\":{\"entity\":\"Store.cdm.json/Store\",\"name\":\"StoreCloseDate\"},\"dataType\":\"date\",\"dateFormat\":\"YYYY-MM-DD\"},{\"type\":\"Existing\",\"name\":\"StoreTelephoneNumber\",\"attributeReference\":{\"entity\":\"Store.cdm.json/Store\",\"name\":\"StoreTelephoneNumber\"},\"dataType\":\"decimal\",\"dataTypeLength\":15,\"scale\":0},{\"type\":\"Existing\",\"name\":\"StoreFaxNumber\",\"attributeReference\":{\"entity\":\"Store.cdm.json/Store\",\"name\":\"StoreFaxNumber\"},\"dataType\":\"decimal\",\"dataTypeLength\":15,\"scale\":0},{\"type\":\"Existing\",\"name\":\"StoreEmailAddress\",\"attributeReference\":{\"entity\":\"Store.cdm.json/Store\",\"name\":\"StoreEmailAddress\"},\"dataType\":\"string\",\"dataTypeLength\":256},{\"type\":\"Existing\",\"name\":\"ChannelId\",\"attributeReference\":{\"entity\":\"Store.cdm.json/Store\",\"name\":\"ChannelId\"},\"dataType\":\"integer\"},{\"type\":\"Existing\",\"name\":\"GrossFloorArea\",\"attributeReference\":{\"entity\":\"Store.cdm.json/Store\",\"name\":\"GrossFloorArea\"},\"dataType\":\"integer\"},{\"type\":\"Existing\",\"name\":\"BuildingFunctionsArea\",\"attributeReference\":{\"entity\":\"Store.cdm.json/Store\",\"name\":\"BuildingFunctionsArea\"},\"dataType\":\"integer\"},{\"type\":\"Existing\",\"name\":\"NonsellingArea\",\"attributeReference\":{\"entity\":\"Store.cdm.json/Store\",\"name\":\"NonsellingArea\"},\"dataType\":\"integer\"},{\"type\":\"Existing\",\"name\":\"AvailableSellingArea\",\"attributeReference\":{\"entity\":\"Store.cdm.json/Store\",\"name\":\"AvailableSellingArea\"},\"dataType\":\"integer\"},{\"type\":\"Existing\",\"name\":\"NumberOfFloors\",\"attributeReference\":{\"entity\":\"Store.cdm.json/Store\",\"name\":\"NumberOfFloors\"},\"dataType\":\"integer\"},{\"type\":\"Existing\",\"name\":\"TerritoryId\",\"attributeReference\":{\"entity\":\"Store.cdm.json/Store\",\"name\":\"TerritoryId\"},\"dataType\":\"integer\"},{\"type\":\"Existing\",\"name\":\"AreaId\",\"attributeReference\":{\"entity\":\"Store.cdm.json/Store\",\"name\":\"AreaId\"},\"dataType\":\"integer\"},{\"type\":\"Existing\",\"name\":\"RegionId\",\"attributeReference\":{\"entity\":\"Store.cdm.json/Store\",\"name\":\"RegionId\"},\"dataType\":\"integer\"},{\"type\":\"Existing\",\"name\":\"DistrictId\",\"attributeReference\":{\"entity\":\"Store.cdm.json/Store\",\"name\":\"DistrictId\"},\"dataType\":\"integer\"},{\"type\":\"Existing\",\"name\":\"StoreTypeId\",\"attributeReference\":{\"entity\":\"Store.cdm.json/Store\",\"name\":\"StoreTypeId\"},\"dataType\":\"integer\"},{\"type\":\"Existing\",\"name\":\"StoreCategoryId\",\"attributeReference\":{\"entity\":\"Store.cdm.json/Store\",\"name\":\"StoreCategoryId\"},\"dataType\":\"integer\"},{\"type\":\"Existing\",\"name\":\"StorePartyId\",\"attributeReference\":{\"entity\":\"Store.cdm.json/Store\",\"name\":\"StorePartyId\"},\"dataType\":\"long\"},{\"type\":\"Existing\",\"name\":\"MerchantId\",\"attributeReference\":{\"entity\":\"Store.cdm.json/Store\",\"name\":\"MerchantId\"},\"dataType\":\"integer\"},{\"type\":\"Existing\",\"name\":\"BrandId\",\"attributeReference\":{\"entity\":\"Store.cdm.json/Store\",\"name\":\"BrandId\"},\"dataType\":\"integer\"},{\"type\":\"Existing\",\"name\":\"FranchiseeId\",\"attributeReference\":{\"entity\":\"Store.cdm.json/Store\",\"name\":\"FranchiseeId\"},\"dataType\":\"integer\"}]}}}",
			"Description": "A retail/channel location where products, goods and services are sold to consumers.",
			"DisplayFolderInfo": "{\"name\":\"Channel\",\"colorCode\":\"#001D3F\"}",
			"PrimaryKeys": "StoreId",
			"spark.sql.sources.provider": "csv"
		},
		"Retention": 0,
		"Temporary": false,
		"IsRewriteEnabled": false
	},
	"type": "TABLE"
}