{
	"name": "UnitOfMeasure",
	"properties": {
		"Namespace": {
			"DatabaseName": "tcsSource"
		},
		"Name": "UnitOfMeasure",
		"Description": "A standard of measurement.\n\nEx:\ncentimeter, (cm), LENGTH\nfoot, (ft_i), LENGTH\ninch, (in_i), LENGTH\nmile, (mi_us), LENGTH\nmeter, (m), LENGTH\ngram, (g), MASS\nlong ton, British ton, (lton_av), MASS\nounce, (oz_tr), MASS\npound, (lb_tr), MASS\nshort ton, U.S. ton, (ston_av), MASS\ntonne, (t), MASS\ncubic foot, (CFT), VOLUME\nfluid ounce, (foz_br), VOLUME\nfreight ton, measurement ton, (FT), VOLUME\nliter, (L), VOLUME\none billion Cubic Feet, (BCF), VOLUME\none hundred Cubic Feet, (CCF), VOLUME\none million Cubic Feet, (MMCF), VOLUME\none thousand Cubic Feet, (MCF), VOLUME\none trillion Cubic Feet, (TCF), VOLUME\nBritish thermal unit at 59°F, (Btu59°F), ENERGY\nBritish thermal unit, (btu), ENERGY\ncalorie at 15°C, (cal15°C), ENERGY\nJoule, (J), ENERGY\nday, (d), TIME\nhour, (h), TIME\nminute, (min), TIME\nsecond, (s), TIME\nbarrel, (bbl_us), FLUID VOLUME\nfluid ounce, (foz_us), FLUID VOLUME\ncubic meter per hour, (m3/hour), FLOW RATE \ncubic meter per second, (m3/s), FLOW RATE \nliter per hour, (l/hour), FLOW RATE \nmillions of cubic feet per day, (MMCFD), FLOW RATE \nGigawatt Hour, (gWh), ENERGY\nKilowatt Hour, (kWh), ENERGY\nMegawatt Hour, (mWh), ENERGY\nWatt Hour, (Wh), ENERGY\nkilovolt ampere, (kVa), POWER\nkilowatt, (kW), POWER\nMegawatt, (MW), POWER\nGigawatt, (gW), POWER\ndegree Celsius, (°C), TEMPERATURE\ndegree Fahrenheit, (°F), TEMPERATURE\npound per sqare inch, (psi), PRESSURE\nbit, (bit), AMOUNT OF INFORMATION\nbyte, (B), AMOUNT OF INFORMATION\nÅngstrÖm, (Å), LENGTH\nastronomic unit, (AU), LENGTH\ncicero, Didot's pica, (cicero), LENGTH\ndidot, Didot's point, (didot), LENGTH\nfathom, (fth_br), LENGTH\nfathom, (fth_us), LENGTH\nfoot, (ft_br), LENGTH\nfoot, (ft_us), LENGTH\nfurlong, (fur_us), LENGTH\nGunter's chain, (ch_br), LENGTH\nGunter's chain, Surveyor's chain, (ch_us), LENGTH\ninch, (in_br), LENGTH\ninch, (in_us), LENGTH\nlight-year, (l.y.), LENGTH\nligne, French line, (ligne), LENGTH\nline, (lne), LENGTH\nlink for Gunter's chain, (lk_br), LENGTH\nlink for Gunter's chain, (lk_us), LENGTH\nlink for Ramden's chain, (rlk_us), LENGTH\nmil, (mil_i), LENGTH\nmil, (mil_us), LENGTH\nmile, (mi_br), LENGTH\nmillimeter, (mm), LENGTH\nnautical mile, (nmi_br), LENGTH\nnautical mile, (nmi_i), LENGTH\npace, (pc_br), LENGTH\nparsec, (pc), LENGTH\npica, (pca), LENGTH\npied, French foot, (pied), LENGTH\npoint, (pnt), LENGTH\npouce, French inch, (pouce), LENGTH\nPrinter's pica, (pca_pr), LENGTH\nPrinter's point, (pnt_pr), LENGTH\nRamden's chain, Engineer's chain, (rch_us), LENGTH\nrod, (rd_br), LENGTH\nrod, (rd_us), LENGTH\nSmoot, (smoot), LENGTH\nstatute mile, (mi_i), LENGTH\nyard, (yd_br), LENGTH\nyard, (yd_i), LENGTH\nyard, (yd_us), LENGTH\ndram, (dr_av), MASS\ndram, drachm, (dr_ap), MASS\nelectron mass, (me), MASS\ngrain, (gr), MASS\nkilogram of wet tissue, (kg(wet tissue)), MASS\nlong hunderdweight, British hundredweight, (lcwt_av), MASS\nmetric carat, (ctm), MASS\nmetric ounce, (oz_m), MASS\nmilligram of creatinine, (mg(creat.)), MASS\nounce, (oz_ap), MASS\nounce, (oz_av), MASS\npennyweight, (pwt_tr), MASS\npound, (lb_ap), MASS\npound, (lb_av), MASS\nproton mass, (mp), MASS\nscruple, (sc_ap), MASS\nshort hundredweight, U.S. hundredweight, (scwt_av), MASS\nstone, British stone, (stone_av), MASS\nunified atomic mass unit, (u), MASS\nboard foot, (bf_i), VOLUME\nbushel, (bu_br), VOLUME\ncord, (cr_i), VOLUME\ncubic inch, (cin_i), VOLUME\ncubic meter, (m3), VOLUME\nbillion cubic meter, (bcm), VOLUME\ncubic yard, (cyd_i), VOLUME\ncup, (cup_us), VOLUME\ndrop, (drp), VOLUME\nfluid dram, (fdr_br), VOLUME\ngallon, (gal_br), VOLUME\ngill, (gil_br), VOLUME\nliter, (l), VOLUME\nmetric cup, (cup_m), VOLUME\nmetric tablespoon, (tbs_m), VOLUME\nmetric teaspoon, (tsp_m), VOLUME\nmilliliter, (mL), VOLUME\nminim, (min_br), VOLUME\npeck, (pk_br), VOLUME\npint, (pt_br), VOLUME\nquart, (qt_br), VOLUME\nstere, (st), VOLUME\ntablespoon, (tbs_us), VOLUME\nteaspoon, (tsp_us), VOLUME\nBritish thermal unit at 39°F, (Btu39°F), ENERGY\nBritish thermal unit at 60°F, (Btu60°F), ENERGY\ncalorie at 20°C, (cal20°C), ENERGY\ncalorie, (cal), ENERGY\nelectronvolt, (eV), ENERGY\nerg, (erg), ENERGY\ninternational table British thermal unit, (BtuIT), ENERGY\ninternational table calorie, (calIT), ENERGY\nmean British thermal unit, (Btum), ENERGY\nmean calorie, (calm), ENERGY\nMegajoule, (MJ), ENERGY\nnutrition label Calories, (Cal), ENERGY\nthermochemical British thermal unit, (Btuth), ENERGY\nthermochemical calorie, (calth), ENERGY\nbarrel of oil, (boe), ENERGY EQUIVALENT\none thousand barrels of oil equivalent, (Mboe), ENERGY EQUIVALENT\none million barrels of oil equivalent, (Mmboe), ENERGY EQUIVALENT\none million cubic feet of natural gas equivalentl, (Mmcfe), ENERGY EQUIVALENT\none billion cubic feet of natural gas equivalentl, (Bcfe), ENERGY EQUIVALENT\none trillion cubic feet of natural gas equivalentl, (Tcfe), ENERGY EQUIVALENT\nmean Gregorian month, (mog), TIME\nmean Gregorian year, (ag), TIME\nmean Julian month, (moj), TIME\nmean Julian year, (aj), TIME\nmonth, (mo), TIME\nsynodal month, (mos), TIME\ntropical year, (at), TIME\nweek, (wk), TIME\nyear, (a), TIME\nacre, (acr_br), AREA\nacre, (acr_us), AREA\nare, (a), AREA\ncircular mil, (cml_i), AREA\nsection, (sct), AREA\nsquare foot, (sft_i), AREA\nsquare inch, (sin_i), AREA\nsquare mile, (smi_us), AREA\nsquare rod, (srd_us), AREA\nsquare yard, (syd_i), AREA\ntownship, (twp), AREA\ncord, (crd_us), FLUID VOLUME\nfluid dram, (fdr_us), FLUID VOLUME\ngill, (gil_us), FLUID VOLUME\nmetric fluid ounce, (foz_m), FLUID VOLUME\nminim, (min_us), FLUID VOLUME\npint, (pt_us), FLUID VOLUME\nquart, (qt_us), FLUID VOLUME\nQueenAnne's wine gallon, (gal_us), FLUID VOLUME\nbar, (bar), PRESSURE\ninch of mercury column, (inHg), PRESSURE\ninch of water column, (inH2O), PRESSURE\nmeter of mercury column, (mHg), PRESSURE\nmeter of water column, (mH2O), PRESSURE\nPascal, (Pa), PRESSURE\nstandard atmosphere, (atm), PRESSURE\ntechnical atmosphere, (at), PRESSURE\ncircle, (circ), PLANE ANGLE\ndegree, (°), PLANE ANGLE\ngon, grade, (gon), PLANE ANGLE\nminute, ('), PLANE ANGLE\nradian, (rad), PLANE ANGLE\nsecond, (''), PLANE ANGLE\nbushel, (bu_us), DRY VOLUME\ndry pint, (dpt_us), DRY VOLUME\ndry quart, (dqt_us), DRY VOLUME\nhistorical winchester gallon, (gal_wi), DRY VOLUME\npeck, (pk_us), DRY VOLUME\narbitary unit, (arb. U), ARBITRARY\ninternational unit, (i.U.), ARBITRARY\ninternational unit, (IU), ARBITRARY\nUnited States Pharmacopeia unit, (U.S.P.), ARBITRARY\nBoltzmann constant, (k), (UNCLASSIFIED)\nNewtonian constant of gravitation, (G), (UNCLASSIFIED)\nGal, (Gal), ACCELERATION\nstandard acceleration of free fall, (gn), ACCELERATION\npH, (pH), ACIDITY\nbarn, (b), ACTION AREA\nPlanck constant, (h), ACTION\ncolony forming units, (CFU), AMOUNT OF A PROLIFERATING ORGANISM\nbioequivalent allergen unit, (BAU), AMOUNT OF AN ALLERGEN CALLIBRATED THROUGH IN-VIVO TESTING BASED ON THE ID50EAL METHOD OF (INTRADERMAL DILUTION FOR 50MM SUM OF ERYTHEMA DIAMETERS\nfocus forming units, (FFU), AMOUNT OF AN INFECTIOUS AGENT\nplaque forming units, (PFU), AMOUNT OF AN INFECTIOUS AGENT\nfibrinogen equivalent unit, (FEU), AMOUNT OF FIBRINOGEN BROKEN DOWN INTO THE MEASURED D-DIMERS\nbit, (bits), AMOUNT OF INFORMATION\nosmole, (osm), AMOUNT OF SUBSTANCE (DISSOLVED PARTICLES)\nequivalents, (eq), AMOUNT OF SUBSTANCE\nmole, (mol), AMOUNT OF SUBSTANCE\nKunkel unit, (knk'U), ARBITRARY BIOLOGIC ACTIVITY\nMac Lagan unit, (mclg'U), ARBITRARY BIOLOGIC ACTIVITY\nELISA unit, (ELU), ARBITRARY ELISA UNIT\n50% cell culture infectious dose, (CCID50), BIOLOGIC ACTIVITY (INFECTIVITY) OF AN INFECTIOUS AGENT PREPARATION\n50% embryo infectious dose, (EID50), BIOLOGIC ACTIVITY (INFECTIVITY) OF AN INFECTIOUS AGENT PREPARATION\n50% tissue culture infectious dose, (TCID50), BIOLOGIC ACTIVITY (INFECTIVITY) OF AN INFECTIOUS AGENT PREPARATION\nTodd unit, (todd'U), BIOLOGIC ACTIVITY ANTISTREPTOLYSIN O\nDye unit, (dye'U), BIOLOGIC ACTIVITY OF AMYLASE\nSomogyi unit, (smgy'U), BIOLOGIC ACTIVITY OF AMYLASE\nAPL unit, (APL'U), BIOLOGIC ACTIVITY OF ANTICARDIOLIPIN IGA\nGPL unit, (GPL'U), BIOLOGIC ACTIVITY OF ANTICARDIOLIPIN IGG\nMPL unit, (MPL'U), BIOLOGIC ACTIVITY OF ANTICARDIOLIPIN IGM\nBethesda unit, (beth'U), BIOLOGIC ACTIVITY OF FACTOR VIII INHIBITOR\nanti factor Xa unit, (anti'Xa'U), BIOLOGIC ACTIVITY OF FACTOR XA INHIBITOR (HEPARIN)\nBodansky unit, (bdsk'U), BIOLOGIC ACTIVITY OF PHOSPHATASE\nKing-Armstrong unit, (ka'U), BIOLOGIC ACTIVITY OF PHOSPHATASE\ntuberculin unit, (tb'U), BIOLOGIC ACTIVITY OF TUBERCULIN\nLambert, (L), BRIGHTNESS\nkatal, (kat), CATALYTIC ACTIVITY\nUnit, (U), CATALYTIC ACTIVITY\nfathom, (fth_i), DEPTH OF WATER\nradiation equivalent man, (REM), DOSE EQUIVALENT\nSievert, (Sv), DOSE EQUIVALENT\nPoise, (P), DYNAMIC VISCOSITY\nEhrlich unit, (EU), EHRLICH UNIT\nFarad, (F), ELECTRIC CAPACITANCE\nCoulomb, (C), ELECTRIC CHARGE\nelementary charge, (e), ELECTRIC CHARGE\nmho, (mho), ELECTRIC CONDUCTANCE\nSiemens, (S), ELECTRIC CONDUCTANCE\nAmpÈre, (A), ELECTRIC CURRENT\nBiot, (Bi), ELECTRIC CURRENT\npermittivity of vacuum, (e0), ELECTRIC PERMITTIVITY\nbel 10 nanovolt, (B(10 nV)), ELECTRIC POTENTIAL LEVEL\nbel microvolt, (B(µV)), ELECTRIC POTENTIAL LEVEL\nbel millivolt, (B(mV)), ELECTRIC POTENTIAL LEVEL\nbel volt, (B(V)), ELECTRIC POTENTIAL LEVEL\nKilovolt, (kV), ELECTRIC POTENTIAL\nVolt, (V), ELECTRIC POTENTIAL\nOhm, (O), ELECTRIC RESISTANCE\nGray, (Gy), ENERGY DOSE\nradiation absorbed dose, (RAD), ENERGY DOSE\nperipheral vascular resistance unit, (P.R.U.), FLUID RESISTANCE\nWood unit, (Wood U.), FLUID RESISTANCE\nMaxwell, (Mx), FLUX OF MAGNETIC INDUCTION\ndyne, (dyn), FORCE\ngram-force, (gf), FORCE\nNewton, (N), FORCE\npound force, (lbf), FORCE\nHertz, (Hz), FREQUENCY\nCharriÈre, french, (Ch), GAUGE OF CATHETERS\nhand, (hd_i), HEIGHT OF HORSES\nhomeopathic potency of centesimal hahnemannian series, (hp_C), HOMEOPATHIC POTENCY (HAHNEMANN)\nhomeopathic potency of decimal hahnemannian series, (hp_X), HOMEOPATHIC POTENCY (HAHNEMANN)\nhomeopathic potency of millesimal hahnemannian series, (hp_M), HOMEOPATHIC POTENCY (HAHNEMANN)\nhomeopathic potency of quintamillesimal hahnemannian series, (hp_Q), HOMEOPATHIC POTENCY (HAHNEMANN)\nhomeopathic potency of centesimal korsakovian series, (kp_C), HOMEOPATHIC POTENCY (KORSAKOV)\nhomeopathic potency of decimal korsakovian series, (kp_X), HOMEOPATHIC POTENCY (KORSAKOV)\nhomeopathic potency of millesimal korsakovian series, (kp_M), HOMEOPATHIC POTENCY (KORSAKOV)\nhomeopathic potency of quintamillesimal korsakovian series, (kp_Q), HOMEOPATHIC POTENCY (KORSAKOV)\nhomeopathic potency of centesimal series (retired), (hp'_C), HOMEOPATHIC POTENCY (RETIRED)\nhomeopathic potency of decimal series (retired), (hp'_X), HOMEOPATHIC POTENCY (RETIRED)\nhomeopathic potency of millesimal series (retired), (hp'_M), HOMEOPATHIC POTENCY (RETIRED)\nhomeopathic potency of quintamillesimal series (retired), (hp'_Q), HOMEOPATHIC POTENCY (RETIRED)\nlux, (lx), ILLUMINANCE\nphot, (ph), ILLUMINANCE\nHenry, (H), INDUCTANCE\nRoentgen, (R), ION DOSE\nStokes, (St), KINEMATIC VISCOSITY\nbel, (B), LEVEL\nneper, (Np), LEVEL\nDenier, (den), LINEAR MASS DENSITY (OF TEXTILE THREAD)\ntex, (tex), LINEAR MASS DENSITY (OF TEXTILE THREAD)\nKayser, (K), LINEIC NUMBER\nmesh, (mesh_i), LINEIC NUMBER\nstilb, (sb), LUM. INTENSITY DENSITY\nlumen, (lm), LUMINOUS FLUX\ncandela, (cd), LUMINOUS INTENSITY\nWeber, (Wb), MAGENTIC FLUX\nOersted, (Oe), MAGNETIC FIELD INTENSITY\nGauss, (Gs, G), MAGNETIC FLUX DENSITY\nTesla, (T), MAGNETIC FLUX DENSITY\npermeability of vacuum, (µ0), MAGNETIC PERMEABILITY\nGilbert, (Gb), MAGNETIC TENSION\ngram percent, (g%), MASS CONCENTRATION\ncarat of gold alloys, (ctAu), MASS FRACTION\nmetabolic equivalent, (MET), METABOLIC COST OF PHYSICAL ACTIVITY\nparticles total count, (tot.), NUMBER\nred blood cell count, (R.B.C.), NUMBER\ntablets, (tbl.), NUMBER\nvolt ampere, (Va), POWER\nbel kilowatt, (B(kW)), POWER LEVEL\nbel watt, (B(W)), POWER LEVEL\nhorsepower, (HP), POWER\nWatt, (W), POWER\nbel sound pressure, (B(SPL)), PRESSURE LEVEL\nD-antigen unit, (D'ag'U), PROCEDURE DEFINED AMOUNT OF A POLIOMYELITIS D-ANTIGEN SUBSTANCE\nprotein nitrogen unit, (PNU), PROCEDURE DEFINED AMOUNT OF A PROTEIN SUBSTANCE\nallergen unit, (AU), PROCEDURE DEFINED AMOUNT OF AN ALLERGEN USING SOME REFERENCE STANDARD\nLimit of flocculation, (Lf), PROCEDURE DEFINED AMOUNT OF AN ANTIGEN SUBSTANCE\nallergen unit for Ambrosia artemisiifolia, (Amb a 1 U), PROCEDURE DEFINED AMOUNT OF THE MAJOR ALLERGEN OF RAGWEED.\ngram meter per heartbeat, (g- m/H.B.), PROPORTIONAL TO VENTRICULAR STROKE WORK\nBecquerel, (Bq), RADIOACTIVITY\nCurie, (Ci), RADIOACTIVITY\ndiopter, (dpt), REFRACTION OF A LENS\nprism diopter, (PD), REFRACTION OF A PRISM\nSvedberg unit, (S), SEDIMENTATION COEFFICIENT\nbaud, (Bd), SIGNAL TRANSMISSION RATE\npercent of slope, (%), SLOPE\nspere, (sph), SOLID ANGLE\nsteradian, (sr), SOLID ANGLE\ndegree Rankine, (°R), TEMPERATURE\nKelvin, (K), TEMPERATURE\nknot, (kn_br), VELOCITY\nknot, (kn_i), VELOCITY\nvelocity of light, (c), VELOCITY\ngram-force meter per heartbeat, (gf- m/H.B.), VENTRICULAR STROKE WORK\nhigh power field, (HPF), VIEW AREA IN MICROSCOPE\nlow power field, (LPF), VIEW AREA IN MICROSCOPE\nHounsfield unit, (hnsf'U), X-RAY ATTENUATION\nItem, (ITM), Item",
		"EntityType": "TABLE",
		"TableType": "EXTERNAL",
		"Origin": {
			"Type": "SPARK"
		},
		"StorageDescriptor": {
			"Columns": [
				{
					"Name": "UnitOfMeasureId",
					"Description": "The unique identifier of a Unit Of Measure.",
					"BaseAttributeReference": {
						"Entity": "UnitOfMeasure.cdm.json/UnitOfMeasure",
						"Name": "UnitOfMeasureId"
					},
					"OriginDataTypeName": {
						"TypeName": "integer",
						"IsComplexType": false,
						"IsNullable": false,
						"Properties": {
							"HIVE_TYPE_STRING": "integer"
						}
					}
				},
				{
					"Name": "UnitOfMeasureName",
					"Description": "The name of a Unit Of Measure.",
					"BaseAttributeReference": {
						"Entity": "UnitOfMeasure.cdm.json/UnitOfMeasure",
						"Name": "UnitOfMeasureName"
					},
					"OriginDataTypeName": {
						"TypeName": "string",
						"IsComplexType": false,
						"IsNullable": true,
						"Length": 128,
						"Properties": {
							"HIVE_TYPE_STRING": "string"
						}
					}
				},
				{
					"Name": "UnitOfMeasureDescription",
					"Description": "The description of a Unit Of Measure.",
					"BaseAttributeReference": {
						"Entity": "UnitOfMeasure.cdm.json/UnitOfMeasure",
						"Name": "UnitOfMeasureDescription"
					},
					"OriginDataTypeName": {
						"TypeName": "string",
						"IsComplexType": false,
						"IsNullable": true,
						"Length": 512,
						"Properties": {
							"HIVE_TYPE_STRING": "string"
						}
					}
				},
				{
					"Name": "UnitOfMeasureAbbreviation",
					"Description": "The abbreviation assigned to the Unit Of Measure.",
					"BaseAttributeReference": {
						"Entity": "UnitOfMeasure.cdm.json/UnitOfMeasure",
						"Name": "UnitOfMeasureAbbreviation"
					},
					"OriginDataTypeName": {
						"TypeName": "string",
						"IsComplexType": false,
						"IsNullable": true,
						"Length": 3,
						"Properties": {
							"HIVE_TYPE_STRING": "string"
						}
					}
				},
				{
					"Name": "UnitOfMeasureTypeId",
					"Description": "The unique identifier of a Unit Of Measure Type.",
					"BaseAttributeReference": {
						"Entity": "UnitOfMeasure.cdm.json/UnitOfMeasure",
						"Name": "UnitOfMeasureTypeId"
					},
					"OriginDataTypeName": {
						"TypeName": "integer",
						"IsComplexType": false,
						"IsNullable": true,
						"Properties": {
							"HIVE_TYPE_STRING": "integer"
						}
					}
				},
				{
					"Name": "MetricIndicator",
					"Description": "Indicates whether the Unit Of Measure is a metric unit of measure.",
					"BaseAttributeReference": {
						"Entity": "UnitOfMeasure.cdm.json/UnitOfMeasure",
						"Name": "MetricIndicator"
					},
					"OriginDataTypeName": {
						"TypeName": "boolean",
						"IsComplexType": false,
						"IsNullable": true,
						"Properties": {
							"HIVE_TYPE_STRING": "boolean"
						}
					}
				},
				{
					"Name": "UnitOfMeasurePrefixId",
					"Description": "The unique identifier of a Unit Of Measure Prefix.",
					"BaseAttributeReference": {
						"Entity": "UnitOfMeasure.cdm.json/UnitOfMeasure",
						"Name": "UnitOfMeasurePrefixId"
					},
					"OriginDataTypeName": {
						"TypeName": "integer",
						"IsComplexType": false,
						"IsNullable": true,
						"Properties": {
							"HIVE_TYPE_STRING": "integer"
						}
					}
				},
				{
					"Name": "BaseUnitOfMeasureId",
					"Description": "The unique identifier of a Unit Of Measure.",
					"BaseAttributeReference": {
						"Entity": "UnitOfMeasure.cdm.json/UnitOfMeasure",
						"Name": "BaseUnitOfMeasureId"
					},
					"OriginDataTypeName": {
						"TypeName": "integer",
						"IsComplexType": false,
						"IsNullable": true,
						"Properties": {
							"HIVE_TYPE_STRING": "integer"
						}
					}
				},
				{
					"Name": "NumberOfBaseUnits",
					"Description": "The number of base units that make up the Unit Of Measure.",
					"BaseAttributeReference": {
						"Entity": "UnitOfMeasure.cdm.json/UnitOfMeasure",
						"Name": "NumberOfBaseUnits"
					},
					"OriginDataTypeName": {
						"TypeName": "integer",
						"IsComplexType": false,
						"IsNullable": true,
						"Properties": {
							"HIVE_TYPE_STRING": "integer"
						}
					}
				},
				{
					"Name": "UnitOfMeasureNote",
					"Description": "A note, comment or additional information regarding the Unit Of Measure.",
					"BaseAttributeReference": {
						"Entity": "UnitOfMeasure.cdm.json/UnitOfMeasure",
						"Name": "UnitOfMeasureNote"
					},
					"OriginDataTypeName": {
						"TypeName": "string",
						"IsComplexType": false,
						"IsNullable": true,
						"Length": 1024,
						"Properties": {
							"HIVE_TYPE_STRING": "string"
						}
					}
				}
			],
			"Format": {
				"InputFormat": "org.apache.hadoop.mapred.SequenceFileInputFormat",
				"OutputFormat": "org.apache.hadoop.hive.ql.io.HiveSequenceFileOutputFormat",
				"FormatType": "csv",
				"SerializeLib": "org.apache.hadoop.hive.serde2.lazy.LazySimpleSerDe",
				"Properties": {
					"path": "abfss://filesystem@aamerriladls.dfs.core.windows.net/tcsSource/UnitOfMeasure",
					"delimiter": ",",
					"firstRowAsHeader": "false",
					"serialization.format": "1",
					"escape": "\\",
					"FormatTypeSetToDatabaseDefault": true,
					"header": "false"
				}
			},
			"Source": {
				"Provider": "ADLS",
				"Location": "abfss://filesystem@aamerriladls.dfs.core.windows.net/tcsSource/UnitOfMeasure",
				"Properties": {
					"LinkedServiceName": "AzureDataLakeStorage1",
					"LocationSetToDatabaseDefault": true
				}
			},
			"Properties": {
				"textinputformat.record.delimiter": ",",
				"compression": "{\"type\":\"None\",\"level\":\"optimal\"}",
				"derivedModelAttributeInfo": "{\"attributeReferences\":{\"UnitOfMeasureId\":{\"entity\":\"UnitOfMeasure.cdm.json/UnitOfMeasure\",\"name\":\"UnitOfMeasureId\"},\"UnitOfMeasureName\":{\"entity\":\"UnitOfMeasure.cdm.json/UnitOfMeasure\",\"name\":\"UnitOfMeasureName\"},\"UnitOfMeasureDescription\":{\"entity\":\"UnitOfMeasure.cdm.json/UnitOfMeasure\",\"name\":\"UnitOfMeasureDescription\"},\"UnitOfMeasureAbbreviation\":{\"entity\":\"UnitOfMeasure.cdm.json/UnitOfMeasure\",\"name\":\"UnitOfMeasureAbbreviation\"},\"UnitOfMeasureTypeId\":{\"entity\":\"UnitOfMeasure.cdm.json/UnitOfMeasure\",\"name\":\"UnitOfMeasureTypeId\"},\"MetricIndicator\":{\"entity\":\"UnitOfMeasure.cdm.json/UnitOfMeasure\",\"name\":\"MetricIndicator\"},\"UnitOfMeasurePrefixId\":{\"entity\":\"UnitOfMeasure.cdm.json/UnitOfMeasure\",\"name\":\"UnitOfMeasurePrefixId\"},\"BaseUnitOfMeasureId\":{\"entity\":\"UnitOfMeasure.cdm.json/UnitOfMeasure\",\"name\":\"BaseUnitOfMeasureId\"},\"NumberOfBaseUnits\":{\"entity\":\"UnitOfMeasure.cdm.json/UnitOfMeasure\",\"name\":\"NumberOfBaseUnits\"},\"UnitOfMeasureNote\":{\"entity\":\"UnitOfMeasure.cdm.json/UnitOfMeasure\",\"name\":\"UnitOfMeasureNote\"}}}"
			},
			"Compressed": false,
			"IsStoredAsSubdirectories": false
		},
		"Properties": {
			"DerivedModelEntityInfo": "{\"entityDirectives\":{\"baseEntityReference\":{\"name\":\"UnitOfMeasure\",\"path\":\"UnitOfMeasure.cdm.json/UnitOfMeasure\"},\"description\":\"A standard of measurement.\\n\\nEx:\\ncentimeter, (cm), LENGTH\\nfoot, (ft_i), LENGTH\\ninch, (in_i), LENGTH\\nmile, (mi_us), LENGTH\\nmeter, (m), LENGTH\\ngram, (g), MASS\\nlong ton, British ton, (lton_av), MASS\\nounce, (oz_tr), MASS\\npound, (lb_tr), MASS\\nshort ton, U.S. ton, (ston_av), MASS\\ntonne, (t), MASS\\ncubic foot, (CFT), VOLUME\\nfluid ounce, (foz_br), VOLUME\\nfreight ton, measurement ton, (FT), VOLUME\\nliter, (L), VOLUME\\none billion Cubic Feet, (BCF), VOLUME\\none hundred Cubic Feet, (CCF), VOLUME\\none million Cubic Feet, (MMCF), VOLUME\\none thousand Cubic Feet, (MCF), VOLUME\\none trillion Cubic Feet, (TCF), VOLUME\\nBritish thermal unit at 59°F, (Btu59°F), ENERGY\\nBritish thermal unit, (btu), ENERGY\\ncalorie at 15°C, (cal15°C), ENERGY\\nJoule, (J), ENERGY\\nday, (d), TIME\\nhour, (h), TIME\\nminute, (min), TIME\\nsecond, (s), TIME\\nbarrel, (bbl_us), FLUID VOLUME\\nfluid ounce, (foz_us), FLUID VOLUME\\ncubic meter per hour, (m3/hour), FLOW RATE \\ncubic meter per second, (m3/s), FLOW RATE \\nliter per hour, (l/hour), FLOW RATE \\nmillions of cubic feet per day, (MMCFD), FLOW RATE \\nGigawatt Hour, (gWh), ENERGY\\nKilowatt Hour, (kWh), ENERGY\\nMegawatt Hour, (mWh), ENERGY\\nWatt Hour, (Wh), ENERGY\\nkilovolt ampere, (kVa), POWER\\nkilowatt, (kW), POWER\\nMegawatt, (MW), POWER\\nGigawatt, (gW), POWER\\ndegree Celsius, (°C), TEMPERATURE\\ndegree Fahrenheit, (°F), TEMPERATURE\\npound per sqare inch, (psi), PRESSURE\\nbit, (bit), AMOUNT OF INFORMATION\\nbyte, (B), AMOUNT OF INFORMATION\\nÅngstrÖm, (Å), LENGTH\\nastronomic unit, (AU), LENGTH\\ncicero, Didot's pica, (cicero), LENGTH\\ndidot, Didot's point, (didot), LENGTH\\nfathom, (fth_br), LENGTH\\nfathom, (fth_us), LENGTH\\nfoot, (ft_br), LENGTH\\nfoot, (ft_us), LENGTH\\nfurlong, (fur_us), LENGTH\\nGunter's chain, (ch_br), LENGTH\\nGunter's chain, Surveyor's chain, (ch_us), LENGTH\\ninch, (in_br), LENGTH\\ninch, (in_us), LENGTH\\nlight-year, (l.y.), LENGTH\\nligne, French line, (ligne), LENGTH\\nline, (lne), LENGTH\\nlink for Gunter's chain, (lk_br), LENGTH\\nlink for Gunter's chain, (lk_us), LENGTH\\nlink for Ramden's chain, (rlk_us), LENGTH\\nmil, (mil_i), LENGTH\\nmil, (mil_us), LENGTH\\nmile, (mi_br), LENGTH\\nmillimeter, (mm), LENGTH\\nnautical mile, (nmi_br), LENGTH\\nnautical mile, (nmi_i), LENGTH\\npace, (pc_br), LENGTH\\nparsec, (pc), LENGTH\\npica, (pca), LENGTH\\npied, French foot, (pied), LENGTH\\npoint, (pnt), LENGTH\\npouce, French inch, (pouce), LENGTH\\nPrinter's pica, (pca_pr), LENGTH\\nPrinter's point, (pnt_pr), LENGTH\\nRamden's chain, Engineer's chain, (rch_us), LENGTH\\nrod, (rd_br), LENGTH\\nrod, (rd_us), LENGTH\\nSmoot, (smoot), LENGTH\\nstatute mile, (mi_i), LENGTH\\nyard, (yd_br), LENGTH\\nyard, (yd_i), LENGTH\\nyard, (yd_us), LENGTH\\ndram, (dr_av), MASS\\ndram, drachm, (dr_ap), MASS\\nelectron mass, (me), MASS\\ngrain, (gr), MASS\\nkilogram of wet tissue, (kg(wet tissue)), MASS\\nlong hunderdweight, British hundredweight, (lcwt_av), MASS\\nmetric carat, (ctm), MASS\\nmetric ounce, (oz_m), MASS\\nmilligram of creatinine, (mg(creat.)), MASS\\nounce, (oz_ap), MASS\\nounce, (oz_av), MASS\\npennyweight, (pwt_tr), MASS\\npound, (lb_ap), MASS\\npound, (lb_av), MASS\\nproton mass, (mp), MASS\\nscruple, (sc_ap), MASS\\nshort hundredweight, U.S. hundredweight, (scwt_av), MASS\\nstone, British stone, (stone_av), MASS\\nunified atomic mass unit, (u), MASS\\nboard foot, (bf_i), VOLUME\\nbushel, (bu_br), VOLUME\\ncord, (cr_i), VOLUME\\ncubic inch, (cin_i), VOLUME\\ncubic meter, (m3), VOLUME\\nbillion cubic meter, (bcm), VOLUME\\ncubic yard, (cyd_i), VOLUME\\ncup, (cup_us), VOLUME\\ndrop, (drp), VOLUME\\nfluid dram, (fdr_br), VOLUME\\ngallon, (gal_br), VOLUME\\ngill, (gil_br), VOLUME\\nliter, (l), VOLUME\\nmetric cup, (cup_m), VOLUME\\nmetric tablespoon, (tbs_m), VOLUME\\nmetric teaspoon, (tsp_m), VOLUME\\nmilliliter, (mL), VOLUME\\nminim, (min_br), VOLUME\\npeck, (pk_br), VOLUME\\npint, (pt_br), VOLUME\\nquart, (qt_br), VOLUME\\nstere, (st), VOLUME\\ntablespoon, (tbs_us), VOLUME\\nteaspoon, (tsp_us), VOLUME\\nBritish thermal unit at 39°F, (Btu39°F), ENERGY\\nBritish thermal unit at 60°F, (Btu60°F), ENERGY\\ncalorie at 20°C, (cal20°C), ENERGY\\ncalorie, (cal), ENERGY\\nelectronvolt, (eV), ENERGY\\nerg, (erg), ENERGY\\ninternational table British thermal unit, (BtuIT), ENERGY\\ninternational table calorie, (calIT), ENERGY\\nmean British thermal unit, (Btum), ENERGY\\nmean calorie, (calm), ENERGY\\nMegajoule, (MJ), ENERGY\\nnutrition label Calories, (Cal), ENERGY\\nthermochemical British thermal unit, (Btuth), ENERGY\\nthermochemical calorie, (calth), ENERGY\\nbarrel of oil, (boe), ENERGY EQUIVALENT\\none thousand barrels of oil equivalent, (Mboe), ENERGY EQUIVALENT\\none million barrels of oil equivalent, (Mmboe), ENERGY EQUIVALENT\\none million cubic feet of natural gas equivalentl, (Mmcfe), ENERGY EQUIVALENT\\none billion cubic feet of natural gas equivalentl, (Bcfe), ENERGY EQUIVALENT\\none trillion cubic feet of natural gas equivalentl, (Tcfe), ENERGY EQUIVALENT\\nmean Gregorian month, (mog), TIME\\nmean Gregorian year, (ag), TIME\\nmean Julian month, (moj), TIME\\nmean Julian year, (aj), TIME\\nmonth, (mo), TIME\\nsynodal month, (mos), TIME\\ntropical year, (at), TIME\\nweek, (wk), TIME\\nyear, (a), TIME\\nacre, (acr_br), AREA\\nacre, (acr_us), AREA\\nare, (a), AREA\\ncircular mil, (cml_i), AREA\\nsection, (sct), AREA\\nsquare foot, (sft_i), AREA\\nsquare inch, (sin_i), AREA\\nsquare mile, (smi_us), AREA\\nsquare rod, (srd_us), AREA\\nsquare yard, (syd_i), AREA\\ntownship, (twp), AREA\\ncord, (crd_us), FLUID VOLUME\\nfluid dram, (fdr_us), FLUID VOLUME\\ngill, (gil_us), FLUID VOLUME\\nmetric fluid ounce, (foz_m), FLUID VOLUME\\nminim, (min_us), FLUID VOLUME\\npint, (pt_us), FLUID VOLUME\\nquart, (qt_us), FLUID VOLUME\\nQueenAnne's wine gallon, (gal_us), FLUID VOLUME\\nbar, (bar), PRESSURE\\ninch of mercury column, (inHg), PRESSURE\\ninch of water column, (inH2O), PRESSURE\\nmeter of mercury column, (mHg), PRESSURE\\nmeter of water column, (mH2O), PRESSURE\\nPascal, (Pa), PRESSURE\\nstandard atmosphere, (atm), PRESSURE\\ntechnical atmosphere, (at), PRESSURE\\ncircle, (circ), PLANE ANGLE\\ndegree, (°), PLANE ANGLE\\ngon, grade, (gon), PLANE ANGLE\\nminute, ('), PLANE ANGLE\\nradian, (rad), PLANE ANGLE\\nsecond, (''), PLANE ANGLE\\nbushel, (bu_us), DRY VOLUME\\ndry pint, (dpt_us), DRY VOLUME\\ndry quart, (dqt_us), DRY VOLUME\\nhistorical winchester gallon, (gal_wi), DRY VOLUME\\npeck, (pk_us), DRY VOLUME\\narbitary unit, (arb. U), ARBITRARY\\ninternational unit, (i.U.), ARBITRARY\\ninternational unit, (IU), ARBITRARY\\nUnited States Pharmacopeia unit, (U.S.P.), ARBITRARY\\nBoltzmann constant, (k), (UNCLASSIFIED)\\nNewtonian constant of gravitation, (G), (UNCLASSIFIED)\\nGal, (Gal), ACCELERATION\\nstandard acceleration of free fall, (gn), ACCELERATION\\npH, (pH), ACIDITY\\nbarn, (b), ACTION AREA\\nPlanck constant, (h), ACTION\\ncolony forming units, (CFU), AMOUNT OF A PROLIFERATING ORGANISM\\nbioequivalent allergen unit, (BAU), AMOUNT OF AN ALLERGEN CALLIBRATED THROUGH IN-VIVO TESTING BASED ON THE ID50EAL METHOD OF (INTRADERMAL DILUTION FOR 50MM SUM OF ERYTHEMA DIAMETERS\\nfocus forming units, (FFU), AMOUNT OF AN INFECTIOUS AGENT\\nplaque forming units, (PFU), AMOUNT OF AN INFECTIOUS AGENT\\nfibrinogen equivalent unit, (FEU), AMOUNT OF FIBRINOGEN BROKEN DOWN INTO THE MEASURED D-DIMERS\\nbit, (bits), AMOUNT OF INFORMATION\\nosmole, (osm), AMOUNT OF SUBSTANCE (DISSOLVED PARTICLES)\\nequivalents, (eq), AMOUNT OF SUBSTANCE\\nmole, (mol), AMOUNT OF SUBSTANCE\\nKunkel unit, (knk'U), ARBITRARY BIOLOGIC ACTIVITY\\nMac Lagan unit, (mclg'U), ARBITRARY BIOLOGIC ACTIVITY\\nELISA unit, (ELU), ARBITRARY ELISA UNIT\\n50% cell culture infectious dose, (CCID50), BIOLOGIC ACTIVITY (INFECTIVITY) OF AN INFECTIOUS AGENT PREPARATION\\n50% embryo infectious dose, (EID50), BIOLOGIC ACTIVITY (INFECTIVITY) OF AN INFECTIOUS AGENT PREPARATION\\n50% tissue culture infectious dose, (TCID50), BIOLOGIC ACTIVITY (INFECTIVITY) OF AN INFECTIOUS AGENT PREPARATION\\nTodd unit, (todd'U), BIOLOGIC ACTIVITY ANTISTREPTOLYSIN O\\nDye unit, (dye'U), BIOLOGIC ACTIVITY OF AMYLASE\\nSomogyi unit, (smgy'U), BIOLOGIC ACTIVITY OF AMYLASE\\nAPL unit, (APL'U), BIOLOGIC ACTIVITY OF ANTICARDIOLIPIN IGA\\nGPL unit, (GPL'U), BIOLOGIC ACTIVITY OF ANTICARDIOLIPIN IGG\\nMPL unit, (MPL'U), BIOLOGIC ACTIVITY OF ANTICARDIOLIPIN IGM\\nBethesda unit, (beth'U), BIOLOGIC ACTIVITY OF FACTOR VIII INHIBITOR\\nanti factor Xa unit, (anti'Xa'U), BIOLOGIC ACTIVITY OF FACTOR XA INHIBITOR (HEPARIN)\\nBodansky unit, (bdsk'U), BIOLOGIC ACTIVITY OF PHOSPHATASE\\nKing-Armstrong unit, (ka'U), BIOLOGIC ACTIVITY OF PHOSPHATASE\\ntuberculin unit, (tb'U), BIOLOGIC ACTIVITY OF TUBERCULIN\\nLambert, (L), BRIGHTNESS\\nkatal, (kat), CATALYTIC ACTIVITY\\nUnit, (U), CATALYTIC ACTIVITY\\nfathom, (fth_i), DEPTH OF WATER\\nradiation equivalent man, (REM), DOSE EQUIVALENT\\nSievert, (Sv), DOSE EQUIVALENT\\nPoise, (P), DYNAMIC VISCOSITY\\nEhrlich unit, (EU), EHRLICH UNIT\\nFarad, (F), ELECTRIC CAPACITANCE\\nCoulomb, (C), ELECTRIC CHARGE\\nelementary charge, (e), ELECTRIC CHARGE\\nmho, (mho), ELECTRIC CONDUCTANCE\\nSiemens, (S), ELECTRIC CONDUCTANCE\\nAmpÈre, (A), ELECTRIC CURRENT\\nBiot, (Bi), ELECTRIC CURRENT\\npermittivity of vacuum, (e0), ELECTRIC PERMITTIVITY\\nbel 10 nanovolt, (B(10 nV)), ELECTRIC POTENTIAL LEVEL\\nbel microvolt, (B(µV)), ELECTRIC POTENTIAL LEVEL\\nbel millivolt, (B(mV)), ELECTRIC POTENTIAL LEVEL\\nbel volt, (B(V)), ELECTRIC POTENTIAL LEVEL\\nKilovolt, (kV), ELECTRIC POTENTIAL\\nVolt, (V), ELECTRIC POTENTIAL\\nOhm, (O), ELECTRIC RESISTANCE\\nGray, (Gy), ENERGY DOSE\\nradiation absorbed dose, (RAD), ENERGY DOSE\\nperipheral vascular resistance unit, (P.R.U.), FLUID RESISTANCE\\nWood unit, (Wood U.), FLUID RESISTANCE\\nMaxwell, (Mx), FLUX OF MAGNETIC INDUCTION\\ndyne, (dyn), FORCE\\ngram-force, (gf), FORCE\\nNewton, (N), FORCE\\npound force, (lbf), FORCE\\nHertz, (Hz), FREQUENCY\\nCharriÈre, french, (Ch), GAUGE OF CATHETERS\\nhand, (hd_i), HEIGHT OF HORSES\\nhomeopathic potency of centesimal hahnemannian series, (hp_C), HOMEOPATHIC POTENCY (HAHNEMANN)\\nhomeopathic potency of decimal hahnemannian series, (hp_X), HOMEOPATHIC POTENCY (HAHNEMANN)\\nhomeopathic potency of millesimal hahnemannian series, (hp_M), HOMEOPATHIC POTENCY (HAHNEMANN)\\nhomeopathic potency of quintamillesimal hahnemannian series, (hp_Q), HOMEOPATHIC POTENCY (HAHNEMANN)\\nhomeopathic potency of centesimal korsakovian series, (kp_C), HOMEOPATHIC POTENCY (KORSAKOV)\\nhomeopathic potency of decimal korsakovian series, (kp_X), HOMEOPATHIC POTENCY (KORSAKOV)\\nhomeopathic potency of millesimal korsakovian series, (kp_M), HOMEOPATHIC POTENCY (KORSAKOV)\\nhomeopathic potency of quintamillesimal korsakovian series, (kp_Q), HOMEOPATHIC POTENCY (KORSAKOV)\\nhomeopathic potency of centesimal series (retired), (hp'_C), HOMEOPATHIC POTENCY (RETIRED)\\nhomeopathic potency of decimal series (retired), (hp'_X), HOMEOPATHIC POTENCY (RETIRED)\\nhomeopathic potency of millesimal series (retired), (hp'_M), HOMEOPATHIC POTENCY (RETIRED)\\nhomeopathic potency of quintamillesimal series (retired), (hp'_Q), HOMEOPATHIC POTENCY (RETIRED)\\nlux, (lx), ILLUMINANCE\\nphot, (ph), ILLUMINANCE\\nHenry, (H), INDUCTANCE\\nRoentgen, (R), ION DOSE\\nStokes, (St), KINEMATIC VISCOSITY\\nbel, (B), LEVEL\\nneper, (Np), LEVEL\\nDenier, (den), LINEAR MASS DENSITY (OF TEXTILE THREAD)\\ntex, (tex), LINEAR MASS DENSITY (OF TEXTILE THREAD)\\nKayser, (K), LINEIC NUMBER\\nmesh, (mesh_i), LINEIC NUMBER\\nstilb, (sb), LUM. INTENSITY DENSITY\\nlumen, (lm), LUMINOUS FLUX\\ncandela, (cd), LUMINOUS INTENSITY\\nWeber, (Wb), MAGENTIC FLUX\\nOersted, (Oe), MAGNETIC FIELD INTENSITY\\nGauss, (Gs, G), MAGNETIC FLUX DENSITY\\nTesla, (T), MAGNETIC FLUX DENSITY\\npermeability of vacuum, (µ0), MAGNETIC PERMEABILITY\\nGilbert, (Gb), MAGNETIC TENSION\\ngram percent, (g%), MASS CONCENTRATION\\ncarat of gold alloys, (ctAu), MASS FRACTION\\nmetabolic equivalent, (MET), METABOLIC COST OF PHYSICAL ACTIVITY\\nparticles total count, (tot.), NUMBER\\nred blood cell count, (R.B.C.), NUMBER\\ntablets, (tbl.), NUMBER\\nvolt ampere, (Va), POWER\\nbel kilowatt, (B(kW)), POWER LEVEL\\nbel watt, (B(W)), POWER LEVEL\\nhorsepower, (HP), POWER\\nWatt, (W), POWER\\nbel sound pressure, (B(SPL)), PRESSURE LEVEL\\nD-antigen unit, (D'ag'U), PROCEDURE DEFINED AMOUNT OF A POLIOMYELITIS D-ANTIGEN SUBSTANCE\\nprotein nitrogen unit, (PNU), PROCEDURE DEFINED AMOUNT OF A PROTEIN SUBSTANCE\\nallergen unit, (AU), PROCEDURE DEFINED AMOUNT OF AN ALLERGEN USING SOME REFERENCE STANDARD\\nLimit of flocculation, (Lf), PROCEDURE DEFINED AMOUNT OF AN ANTIGEN SUBSTANCE\\nallergen unit for Ambrosia artemisiifolia, (Amb a 1 U), PROCEDURE DEFINED AMOUNT OF THE MAJOR ALLERGEN OF RAGWEED.\\ngram meter per heartbeat, (g- m/H.B.), PROPORTIONAL TO VENTRICULAR STROKE WORK\\nBecquerel, (Bq), RADIOACTIVITY\\nCurie, (Ci), RADIOACTIVITY\\ndiopter, (dpt), REFRACTION OF A LENS\\nprism diopter, (PD), REFRACTION OF A PRISM\\nSvedberg unit, (S), SEDIMENTATION COEFFICIENT\\nbaud, (Bd), SIGNAL TRANSMISSION RATE\\npercent of slope, (%), SLOPE\\nspere, (sph), SOLID ANGLE\\nsteradian, (sr), SOLID ANGLE\\ndegree Rankine, (°R), TEMPERATURE\\nKelvin, (K), TEMPERATURE\\nknot, (kn_br), VELOCITY\\nknot, (kn_i), VELOCITY\\nvelocity of light, (c), VELOCITY\\ngram-force meter per heartbeat, (gf- m/H.B.), VENTRICULAR STROKE WORK\\nhigh power field, (HPF), VIEW AREA IN MICROSCOPE\\nlow power field, (LPF), VIEW AREA IN MICROSCOPE\\nHounsfield unit, (hnsf'U), X-RAY ATTENUATION\\nItem, (ITM), Item\",\"primaryKey\":[\"UnitOfMeasureId\"],\"projectionInfo\":{\"attributes\":[{\"type\":\"Existing\",\"name\":\"UnitOfMeasureId\",\"attributeReference\":{\"entity\":\"UnitOfMeasure.cdm.json/UnitOfMeasure\",\"name\":\"UnitOfMeasureId\"},\"dataType\":\"integer\"},{\"type\":\"Existing\",\"name\":\"UnitOfMeasureName\",\"attributeReference\":{\"entity\":\"UnitOfMeasure.cdm.json/UnitOfMeasure\",\"name\":\"UnitOfMeasureName\"},\"dataType\":\"string\",\"dataTypeLength\":128},{\"type\":\"Existing\",\"name\":\"UnitOfMeasureDescription\",\"attributeReference\":{\"entity\":\"UnitOfMeasure.cdm.json/UnitOfMeasure\",\"name\":\"UnitOfMeasureDescription\"},\"dataType\":\"string\",\"dataTypeLength\":512},{\"type\":\"Existing\",\"name\":\"UnitOfMeasureAbbreviation\",\"attributeReference\":{\"entity\":\"UnitOfMeasure.cdm.json/UnitOfMeasure\",\"name\":\"UnitOfMeasureAbbreviation\"},\"dataType\":\"string\",\"dataTypeLength\":3},{\"type\":\"Existing\",\"name\":\"UnitOfMeasureTypeId\",\"attributeReference\":{\"entity\":\"UnitOfMeasure.cdm.json/UnitOfMeasure\",\"name\":\"UnitOfMeasureTypeId\"},\"dataType\":\"integer\"},{\"type\":\"Existing\",\"name\":\"MetricIndicator\",\"attributeReference\":{\"entity\":\"UnitOfMeasure.cdm.json/UnitOfMeasure\",\"name\":\"MetricIndicator\"},\"dataType\":\"boolean\"},{\"type\":\"Existing\",\"name\":\"UnitOfMeasurePrefixId\",\"attributeReference\":{\"entity\":\"UnitOfMeasure.cdm.json/UnitOfMeasure\",\"name\":\"UnitOfMeasurePrefixId\"},\"dataType\":\"integer\"},{\"type\":\"Existing\",\"name\":\"BaseUnitOfMeasureId\",\"attributeReference\":{\"entity\":\"UnitOfMeasure.cdm.json/UnitOfMeasure\",\"name\":\"BaseUnitOfMeasureId\"},\"dataType\":\"integer\"},{\"type\":\"Existing\",\"name\":\"NumberOfBaseUnits\",\"attributeReference\":{\"entity\":\"UnitOfMeasure.cdm.json/UnitOfMeasure\",\"name\":\"NumberOfBaseUnits\"},\"dataType\":\"integer\"},{\"type\":\"Existing\",\"name\":\"UnitOfMeasureNote\",\"attributeReference\":{\"entity\":\"UnitOfMeasure.cdm.json/UnitOfMeasure\",\"name\":\"UnitOfMeasureNote\"},\"dataType\":\"string\",\"dataTypeLength\":1024}]}}}",
			"Description": "A standard of measurement.\n\nEx:\ncentimeter, (cm), LENGTH\nfoot, (ft_i), LENGTH\ninch, (in_i), LENGTH\nmile, (mi_us), LENGTH\nmeter, (m), LENGTH\ngram, (g), MASS\nlong ton, British ton, (lton_av), MASS\nounce, (oz_tr), MASS\npound, (lb_tr), MASS\nshort ton, U.S. ton, (ston_av), MASS\ntonne, (t), MASS\ncubic foot, (CFT), VOLUME\nfluid ounce, (foz_br), VOLUME\nfreight ton, measurement ton, (FT), VOLUME\nliter, (L), VOLUME\none billion Cubic Feet, (BCF), VOLUME\none hundred Cubic Feet, (CCF), VOLUME\none million Cubic Feet, (MMCF), VOLUME\none thousand Cubic Feet, (MCF), VOLUME\none trillion Cubic Feet, (TCF), VOLUME\nBritish thermal unit at 59°F, (Btu59°F), ENERGY\nBritish thermal unit, (btu), ENERGY\ncalorie at 15°C, (cal15°C), ENERGY\nJoule, (J), ENERGY\nday, (d), TIME\nhour, (h), TIME\nminute, (min), TIME\nsecond, (s), TIME\nbarrel, (bbl_us), FLUID VOLUME\nfluid ounce, (foz_us), FLUID VOLUME\ncubic meter per hour, (m3/hour), FLOW RATE \ncubic meter per second, (m3/s), FLOW RATE \nliter per hour, (l/hour), FLOW RATE \nmillions of cubic feet per day, (MMCFD), FLOW RATE \nGigawatt Hour, (gWh), ENERGY\nKilowatt Hour, (kWh), ENERGY\nMegawatt Hour, (mWh), ENERGY\nWatt Hour, (Wh), ENERGY\nkilovolt ampere, (kVa), POWER\nkilowatt, (kW), POWER\nMegawatt, (MW), POWER\nGigawatt, (gW), POWER\ndegree Celsius, (°C), TEMPERATURE\ndegree Fahrenheit, (°F), TEMPERATURE\npound per sqare inch, (psi), PRESSURE\nbit, (bit), AMOUNT OF INFORMATION\nbyte, (B), AMOUNT OF INFORMATION\nÅngstrÖm, (Å), LENGTH\nastronomic unit, (AU), LENGTH\ncicero, Didot's pica, (cicero), LENGTH\ndidot, Didot's point, (didot), LENGTH\nfathom, (fth_br), LENGTH\nfathom, (fth_us), LENGTH\nfoot, (ft_br), LENGTH\nfoot, (ft_us), LENGTH\nfurlong, (fur_us), LENGTH\nGunter's chain, (ch_br), LENGTH\nGunter's chain, Surveyor's chain, (ch_us), LENGTH\ninch, (in_br), LENGTH\ninch, (in_us), LENGTH\nlight-year, (l.y.), LENGTH\nligne, French line, (ligne), LENGTH\nline, (lne), LENGTH\nlink for Gunter's chain, (lk_br), LENGTH\nlink for Gunter's chain, (lk_us), LENGTH\nlink for Ramden's chain, (rlk_us), LENGTH\nmil, (mil_i), LENGTH\nmil, (mil_us), LENGTH\nmile, (mi_br), LENGTH\nmillimeter, (mm), LENGTH\nnautical mile, (nmi_br), LENGTH\nnautical mile, (nmi_i), LENGTH\npace, (pc_br), LENGTH\nparsec, (pc), LENGTH\npica, (pca), LENGTH\npied, French foot, (pied), LENGTH\npoint, (pnt), LENGTH\npouce, French inch, (pouce), LENGTH\nPrinter's pica, (pca_pr), LENGTH\nPrinter's point, (pnt_pr), LENGTH\nRamden's chain, Engineer's chain, (rch_us), LENGTH\nrod, (rd_br), LENGTH\nrod, (rd_us), LENGTH\nSmoot, (smoot), LENGTH\nstatute mile, (mi_i), LENGTH\nyard, (yd_br), LENGTH\nyard, (yd_i), LENGTH\nyard, (yd_us), LENGTH\ndram, (dr_av), MASS\ndram, drachm, (dr_ap), MASS\nelectron mass, (me), MASS\ngrain, (gr), MASS\nkilogram of wet tissue, (kg(wet tissue)), MASS\nlong hunderdweight, British hundredweight, (lcwt_av), MASS\nmetric carat, (ctm), MASS\nmetric ounce, (oz_m), MASS\nmilligram of creatinine, (mg(creat.)), MASS\nounce, (oz_ap), MASS\nounce, (oz_av), MASS\npennyweight, (pwt_tr), MASS\npound, (lb_ap), MASS\npound, (lb_av), MASS\nproton mass, (mp), MASS\nscruple, (sc_ap), MASS\nshort hundredweight, U.S. hundredweight, (scwt_av), MASS\nstone, British stone, (stone_av), MASS\nunified atomic mass unit, (u), MASS\nboard foot, (bf_i), VOLUME\nbushel, (bu_br), VOLUME\ncord, (cr_i), VOLUME\ncubic inch, (cin_i), VOLUME\ncubic meter, (m3), VOLUME\nbillion cubic meter, (bcm), VOLUME\ncubic yard, (cyd_i), VOLUME\ncup, (cup_us), VOLUME\ndrop, (drp), VOLUME\nfluid dram, (fdr_br), VOLUME\ngallon, (gal_br), VOLUME\ngill, (gil_br), VOLUME\nliter, (l), VOLUME\nmetric cup, (cup_m), VOLUME\nmetric tablespoon, (tbs_m), VOLUME\nmetric teaspoon, (tsp_m), VOLUME\nmilliliter, (mL), VOLUME\nminim, (min_br), VOLUME\npeck, (pk_br), VOLUME\npint, (pt_br), VOLUME\nquart, (qt_br), VOLUME\nstere, (st), VOLUME\ntablespoon, (tbs_us), VOLUME\nteaspoon, (tsp_us), VOLUME\nBritish thermal unit at 39°F, (Btu39°F), ENERGY\nBritish thermal unit at 60°F, (Btu60°F), ENERGY\ncalorie at 20°C, (cal20°C), ENERGY\ncalorie, (cal), ENERGY\nelectronvolt, (eV), ENERGY\nerg, (erg), ENERGY\ninternational table British thermal unit, (BtuIT), ENERGY\ninternational table calorie, (calIT), ENERGY\nmean British thermal unit, (Btum), ENERGY\nmean calorie, (calm), ENERGY\nMegajoule, (MJ), ENERGY\nnutrition label Calories, (Cal), ENERGY\nthermochemical British thermal unit, (Btuth), ENERGY\nthermochemical calorie, (calth), ENERGY\nbarrel of oil, (boe), ENERGY EQUIVALENT\none thousand barrels of oil equivalent, (Mboe), ENERGY EQUIVALENT\none million barrels of oil equivalent, (Mmboe), ENERGY EQUIVALENT\none million cubic feet of natural gas equivalentl, (Mmcfe), ENERGY EQUIVALENT\none billion cubic feet of natural gas equivalentl, (Bcfe), ENERGY EQUIVALENT\none trillion cubic feet of natural gas equivalentl, (Tcfe), ENERGY EQUIVALENT\nmean Gregorian month, (mog), TIME\nmean Gregorian year, (ag), TIME\nmean Julian month, (moj), TIME\nmean Julian year, (aj), TIME\nmonth, (mo), TIME\nsynodal month, (mos), TIME\ntropical year, (at), TIME\nweek, (wk), TIME\nyear, (a), TIME\nacre, (acr_br), AREA\nacre, (acr_us), AREA\nare, (a), AREA\ncircular mil, (cml_i), AREA\nsection, (sct), AREA\nsquare foot, (sft_i), AREA\nsquare inch, (sin_i), AREA\nsquare mile, (smi_us), AREA\nsquare rod, (srd_us), AREA\nsquare yard, (syd_i), AREA\ntownship, (twp), AREA\ncord, (crd_us), FLUID VOLUME\nfluid dram, (fdr_us), FLUID VOLUME\ngill, (gil_us), FLUID VOLUME\nmetric fluid ounce, (foz_m), FLUID VOLUME\nminim, (min_us), FLUID VOLUME\npint, (pt_us), FLUID VOLUME\nquart, (qt_us), FLUID VOLUME\nQueenAnne's wine gallon, (gal_us), FLUID VOLUME\nbar, (bar), PRESSURE\ninch of mercury column, (inHg), PRESSURE\ninch of water column, (inH2O), PRESSURE\nmeter of mercury column, (mHg), PRESSURE\nmeter of water column, (mH2O), PRESSURE\nPascal, (Pa), PRESSURE\nstandard atmosphere, (atm), PRESSURE\ntechnical atmosphere, (at), PRESSURE\ncircle, (circ), PLANE ANGLE\ndegree, (°), PLANE ANGLE\ngon, grade, (gon), PLANE ANGLE\nminute, ('), PLANE ANGLE\nradian, (rad), PLANE ANGLE\nsecond, (''), PLANE ANGLE\nbushel, (bu_us), DRY VOLUME\ndry pint, (dpt_us), DRY VOLUME\ndry quart, (dqt_us), DRY VOLUME\nhistorical winchester gallon, (gal_wi), DRY VOLUME\npeck, (pk_us), DRY VOLUME\narbitary unit, (arb. U), ARBITRARY\ninternational unit, (i.U.), ARBITRARY\ninternational unit, (IU), ARBITRARY\nUnited States Pharmacopeia unit, (U.S.P.), ARBITRARY\nBoltzmann constant, (k), (UNCLASSIFIED)\nNewtonian constant of gravitation, (G), (UNCLASSIFIED)\nGal, (Gal), ACCELERATION\nstandard acceleration of free fall, (gn), ACCELERATION\npH, (pH), ACIDITY\nbarn, (b), ACTION AREA\nPlanck constant, (h), ACTION\ncolony forming units, (CFU), AMOUNT OF A PROLIFERATING ORGANISM\nbioequivalent allergen unit, (BAU), AMOUNT OF AN ALLERGEN CALLIBRATED THROUGH IN-VIVO TESTING BASED ON THE ID50EAL METHOD OF (INTRADERMAL DILUTION FOR 50MM SUM OF ERYTHEMA DIAMETERS\nfocus forming units, (FFU), AMOUNT OF AN INFECTIOUS AGENT\nplaque forming units, (PFU), AMOUNT OF AN INFECTIOUS AGENT\nfibrinogen equivalent unit, (FEU), AMOUNT OF FIBRINOGEN BROKEN DOWN INTO THE MEASURED D-DIMERS\nbit, (bits), AMOUNT OF INFORMATION\nosmole, (osm), AMOUNT OF SUBSTANCE (DISSOLVED PARTICLES)\nequivalents, (eq), AMOUNT OF SUBSTANCE\nmole, (mol), AMOUNT OF SUBSTANCE\nKunkel unit, (knk'U), ARBITRARY BIOLOGIC ACTIVITY\nMac Lagan unit, (mclg'U), ARBITRARY BIOLOGIC ACTIVITY\nELISA unit, (ELU), ARBITRARY ELISA UNIT\n50% cell culture infectious dose, (CCID50), BIOLOGIC ACTIVITY (INFECTIVITY) OF AN INFECTIOUS AGENT PREPARATION\n50% embryo infectious dose, (EID50), BIOLOGIC ACTIVITY (INFECTIVITY) OF AN INFECTIOUS AGENT PREPARATION\n50% tissue culture infectious dose, (TCID50), BIOLOGIC ACTIVITY (INFECTIVITY) OF AN INFECTIOUS AGENT PREPARATION\nTodd unit, (todd'U), BIOLOGIC ACTIVITY ANTISTREPTOLYSIN O\nDye unit, (dye'U), BIOLOGIC ACTIVITY OF AMYLASE\nSomogyi unit, (smgy'U), BIOLOGIC ACTIVITY OF AMYLASE\nAPL unit, (APL'U), BIOLOGIC ACTIVITY OF ANTICARDIOLIPIN IGA\nGPL unit, (GPL'U), BIOLOGIC ACTIVITY OF ANTICARDIOLIPIN IGG\nMPL unit, (MPL'U), BIOLOGIC ACTIVITY OF ANTICARDIOLIPIN IGM\nBethesda unit, (beth'U), BIOLOGIC ACTIVITY OF FACTOR VIII INHIBITOR\nanti factor Xa unit, (anti'Xa'U), BIOLOGIC ACTIVITY OF FACTOR XA INHIBITOR (HEPARIN)\nBodansky unit, (bdsk'U), BIOLOGIC ACTIVITY OF PHOSPHATASE\nKing-Armstrong unit, (ka'U), BIOLOGIC ACTIVITY OF PHOSPHATASE\ntuberculin unit, (tb'U), BIOLOGIC ACTIVITY OF TUBERCULIN\nLambert, (L), BRIGHTNESS\nkatal, (kat), CATALYTIC ACTIVITY\nUnit, (U), CATALYTIC ACTIVITY\nfathom, (fth_i), DEPTH OF WATER\nradiation equivalent man, (REM), DOSE EQUIVALENT\nSievert, (Sv), DOSE EQUIVALENT\nPoise, (P), DYNAMIC VISCOSITY\nEhrlich unit, (EU), EHRLICH UNIT\nFarad, (F), ELECTRIC CAPACITANCE\nCoulomb, (C), ELECTRIC CHARGE\nelementary charge, (e), ELECTRIC CHARGE\nmho, (mho), ELECTRIC CONDUCTANCE\nSiemens, (S), ELECTRIC CONDUCTANCE\nAmpÈre, (A), ELECTRIC CURRENT\nBiot, (Bi), ELECTRIC CURRENT\npermittivity of vacuum, (e0), ELECTRIC PERMITTIVITY\nbel 10 nanovolt, (B(10 nV)), ELECTRIC POTENTIAL LEVEL\nbel microvolt, (B(µV)), ELECTRIC POTENTIAL LEVEL\nbel millivolt, (B(mV)), ELECTRIC POTENTIAL LEVEL\nbel volt, (B(V)), ELECTRIC POTENTIAL LEVEL\nKilovolt, (kV), ELECTRIC POTENTIAL\nVolt, (V), ELECTRIC POTENTIAL\nOhm, (O), ELECTRIC RESISTANCE\nGray, (Gy), ENERGY DOSE\nradiation absorbed dose, (RAD), ENERGY DOSE\nperipheral vascular resistance unit, (P.R.U.), FLUID RESISTANCE\nWood unit, (Wood U.), FLUID RESISTANCE\nMaxwell, (Mx), FLUX OF MAGNETIC INDUCTION\ndyne, (dyn), FORCE\ngram-force, (gf), FORCE\nNewton, (N), FORCE\npound force, (lbf), FORCE\nHertz, (Hz), FREQUENCY\nCharriÈre, french, (Ch), GAUGE OF CATHETERS\nhand, (hd_i), HEIGHT OF HORSES\nhomeopathic potency of centesimal hahnemannian series, (hp_C), HOMEOPATHIC POTENCY (HAHNEMANN)\nhomeopathic potency of decimal hahnemannian series, (hp_X), HOMEOPATHIC POTENCY (HAHNEMANN)\nhomeopathic potency of millesimal hahnemannian series, (hp_M), HOMEOPATHIC POTENCY (HAHNEMANN)\nhomeopathic potency of quintamillesimal hahnemannian series, (hp_Q), HOMEOPATHIC POTENCY (HAHNEMANN)\nhomeopathic potency of centesimal korsakovian series, (kp_C), HOMEOPATHIC POTENCY (KORSAKOV)\nhomeopathic potency of decimal korsakovian series, (kp_X), HOMEOPATHIC POTENCY (KORSAKOV)\nhomeopathic potency of millesimal korsakovian series, (kp_M), HOMEOPATHIC POTENCY (KORSAKOV)\nhomeopathic potency of quintamillesimal korsakovian series, (kp_Q), HOMEOPATHIC POTENCY (KORSAKOV)\nhomeopathic potency of centesimal series (retired), (hp'_C), HOMEOPATHIC POTENCY (RETIRED)\nhomeopathic potency of decimal series (retired), (hp'_X), HOMEOPATHIC POTENCY (RETIRED)\nhomeopathic potency of millesimal series (retired), (hp'_M), HOMEOPATHIC POTENCY (RETIRED)\nhomeopathic potency of quintamillesimal series (retired), (hp'_Q), HOMEOPATHIC POTENCY (RETIRED)\nlux, (lx), ILLUMINANCE\nphot, (ph), ILLUMINANCE\nHenry, (H), INDUCTANCE\nRoentgen, (R), ION DOSE\nStokes, (St), KINEMATIC VISCOSITY\nbel, (B), LEVEL\nneper, (Np), LEVEL\nDenier, (den), LINEAR MASS DENSITY (OF TEXTILE THREAD)\ntex, (tex), LINEAR MASS DENSITY (OF TEXTILE THREAD)\nKayser, (K), LINEIC NUMBER\nmesh, (mesh_i), LINEIC NUMBER\nstilb, (sb), LUM. INTENSITY DENSITY\nlumen, (lm), LUMINOUS FLUX\ncandela, (cd), LUMINOUS INTENSITY\nWeber, (Wb), MAGENTIC FLUX\nOersted, (Oe), MAGNETIC FIELD INTENSITY\nGauss, (Gs, G), MAGNETIC FLUX DENSITY\nTesla, (T), MAGNETIC FLUX DENSITY\npermeability of vacuum, (µ0), MAGNETIC PERMEABILITY\nGilbert, (Gb), MAGNETIC TENSION\ngram percent, (g%), MASS CONCENTRATION\ncarat of gold alloys, (ctAu), MASS FRACTION\nmetabolic equivalent, (MET), METABOLIC COST OF PHYSICAL ACTIVITY\nparticles total count, (tot.), NUMBER\nred blood cell count, (R.B.C.), NUMBER\ntablets, (tbl.), NUMBER\nvolt ampere, (Va), POWER\nbel kilowatt, (B(kW)), POWER LEVEL\nbel watt, (B(W)), POWER LEVEL\nhorsepower, (HP), POWER\nWatt, (W), POWER\nbel sound pressure, (B(SPL)), PRESSURE LEVEL\nD-antigen unit, (D'ag'U), PROCEDURE DEFINED AMOUNT OF A POLIOMYELITIS D-ANTIGEN SUBSTANCE\nprotein nitrogen unit, (PNU), PROCEDURE DEFINED AMOUNT OF A PROTEIN SUBSTANCE\nallergen unit, (AU), PROCEDURE DEFINED AMOUNT OF AN ALLERGEN USING SOME REFERENCE STANDARD\nLimit of flocculation, (Lf), PROCEDURE DEFINED AMOUNT OF AN ANTIGEN SUBSTANCE\nallergen unit for Ambrosia artemisiifolia, (Amb a 1 U), PROCEDURE DEFINED AMOUNT OF THE MAJOR ALLERGEN OF RAGWEED.\ngram meter per heartbeat, (g- m/H.B.), PROPORTIONAL TO VENTRICULAR STROKE WORK\nBecquerel, (Bq), RADIOACTIVITY\nCurie, (Ci), RADIOACTIVITY\ndiopter, (dpt), REFRACTION OF A LENS\nprism diopter, (PD), REFRACTION OF A PRISM\nSvedberg unit, (S), SEDIMENTATION COEFFICIENT\nbaud, (Bd), SIGNAL TRANSMISSION RATE\npercent of slope, (%), SLOPE\nspere, (sph), SOLID ANGLE\nsteradian, (sr), SOLID ANGLE\ndegree Rankine, (°R), TEMPERATURE\nKelvin, (K), TEMPERATURE\nknot, (kn_br), VELOCITY\nknot, (kn_i), VELOCITY\nvelocity of light, (c), VELOCITY\ngram-force meter per heartbeat, (gf- m/H.B.), VENTRICULAR STROKE WORK\nhigh power field, (HPF), VIEW AREA IN MICROSCOPE\nlow power field, (LPF), VIEW AREA IN MICROSCOPE\nHounsfield unit, (hnsf'U), X-RAY ATTENUATION\nItem, (ITM), Item",
			"DisplayFolderInfo": "{\"name\":\"Inventory\",\"colorCode\":\"#0E3D73\"}",
			"PrimaryKeys": "UnitOfMeasureId",
			"spark.sql.sources.provider": "csv"
		},
		"Retention": 0,
		"Temporary": false,
		"IsRewriteEnabled": false
	},
	"type": "TABLE"
}