{
	"name": "Vendor",
	"properties": {
		"Namespace": {
			"DatabaseName": "tcsSource"
		},
		"Name": "Vendor",
		"Description": "A supplier of products, goods or services.",
		"EntityType": "TABLE",
		"TableType": "EXTERNAL",
		"Origin": {
			"Type": "SPARK"
		},
		"StorageDescriptor": {
			"Columns": [
				{
					"Name": "VendorId",
					"Description": "The unique identifier of a Vendor.",
					"BaseAttributeReference": {
						"Entity": "Vendor.cdm.json/Vendor",
						"Name": "VendorId"
					},
					"OriginDataTypeName": {
						"TypeName": "long",
						"IsComplexType": false,
						"IsNullable": false,
						"Properties": {
							"HIVE_TYPE_STRING": "long"
						}
					}
				},
				{
					"Name": "VendorName",
					"Description": "The business name of the Vendor.",
					"BaseAttributeReference": {
						"Entity": "Vendor.cdm.json/Vendor",
						"Name": "VendorName"
					},
					"OriginDataTypeName": {
						"TypeName": "string",
						"IsComplexType": false,
						"IsNullable": true,
						"Length": 128,
						"Properties": {
							"HIVE_TYPE_STRING": "string"
						}
					}
				},
				{
					"Name": "VendorNote",
					"Description": "A narrative, description or additional detail regarding the associated Vendor.",
					"BaseAttributeReference": {
						"Entity": "Vendor.cdm.json/Vendor",
						"Name": "VendorNote"
					},
					"OriginDataTypeName": {
						"TypeName": "string",
						"IsComplexType": false,
						"IsNullable": true,
						"Length": 1024,
						"Properties": {
							"HIVE_TYPE_STRING": "string"
						}
					}
				},
				{
					"Name": "VendorTypeId",
					"Description": "The unique identifier of a Vendor Type.",
					"BaseAttributeReference": {
						"Entity": "Vendor.cdm.json/Vendor",
						"Name": "VendorTypeId"
					},
					"OriginDataTypeName": {
						"TypeName": "integer",
						"IsComplexType": false,
						"IsNullable": true,
						"Properties": {
							"HIVE_TYPE_STRING": "integer"
						}
					}
				},
				{
					"Name": "VendorDateOfEstablishment",
					"Description": "The date that the Vendor was established.",
					"BaseAttributeReference": {
						"Entity": "Vendor.cdm.json/Vendor",
						"Name": "VendorDateOfEstablishment"
					},
					"OriginDataTypeName": {
						"TypeName": "date",
						"IsComplexType": false,
						"IsNullable": true,
						"Properties": {
							"DateFormat": "YYYY-MM-DD",
							"HIVE_TYPE_STRING": "date"
						}
					}
				},
				{
					"Name": "StateOfVendorEstablishment",
					"Description": "The state in which the Vendor was established.",
					"BaseAttributeReference": {
						"Entity": "Vendor.cdm.json/Vendor",
						"Name": "StateOfVendorEstablishment"
					},
					"OriginDataTypeName": {
						"TypeName": "string",
						"IsComplexType": false,
						"IsNullable": true,
						"Length": 64,
						"Properties": {
							"HIVE_TYPE_STRING": "string"
						}
					}
				},
				{
					"Name": "CountryOfVendorEstablishment",
					"Description": "The country in which the Vendor was established.",
					"BaseAttributeReference": {
						"Entity": "Vendor.cdm.json/Vendor",
						"Name": "CountryOfVendorEstablishment"
					},
					"OriginDataTypeName": {
						"TypeName": "string",
						"IsComplexType": false,
						"IsNullable": true,
						"Length": 64,
						"Properties": {
							"HIVE_TYPE_STRING": "string"
						}
					}
				},
				{
					"Name": "StateOfVendorResidence",
					"Description": "The state in which the Vendor has it's primary business or official residence.",
					"BaseAttributeReference": {
						"Entity": "Vendor.cdm.json/Vendor",
						"Name": "StateOfVendorResidence"
					},
					"OriginDataTypeName": {
						"TypeName": "string",
						"IsComplexType": false,
						"IsNullable": true,
						"Length": 64,
						"Properties": {
							"HIVE_TYPE_STRING": "string"
						}
					}
				},
				{
					"Name": "CountryOfVendorResidence",
					"Description": "The country in which the Vendor has it's primary business or official residence.",
					"BaseAttributeReference": {
						"Entity": "Vendor.cdm.json/Vendor",
						"Name": "CountryOfVendorResidence"
					},
					"OriginDataTypeName": {
						"TypeName": "string",
						"IsComplexType": false,
						"IsNullable": true,
						"Length": 64,
						"Properties": {
							"HIVE_TYPE_STRING": "string"
						}
					}
				},
				{
					"Name": "FirstDateOfOperation",
					"Description": "The first date that the Vendor entered into normal business or operations.",
					"BaseAttributeReference": {
						"Entity": "Vendor.cdm.json/Vendor",
						"Name": "FirstDateOfOperation"
					},
					"OriginDataTypeName": {
						"TypeName": "date",
						"IsComplexType": false,
						"IsNullable": true,
						"Properties": {
							"DateFormat": "YYYY-MM-DD",
							"HIVE_TYPE_STRING": "date"
						}
					}
				},
				{
					"Name": "CurrentManagementFirstControlDate",
					"Description": "The date that current management assumed control of the Vendor's normal business operations.",
					"BaseAttributeReference": {
						"Entity": "Vendor.cdm.json/Vendor",
						"Name": "CurrentManagementFirstControlDate"
					},
					"OriginDataTypeName": {
						"TypeName": "date",
						"IsComplexType": false,
						"IsNullable": true,
						"Properties": {
							"DateFormat": "YYYY-MM-DD",
							"HIVE_TYPE_STRING": "date"
						}
					}
				},
				{
					"Name": "StockExchangeName",
					"Description": "The name of the stock exchange that the security is listed upon.",
					"BaseAttributeReference": {
						"Entity": "Vendor.cdm.json/Vendor",
						"Name": "StockExchangeName"
					},
					"OriginDataTypeName": {
						"TypeName": "string",
						"IsComplexType": false,
						"IsNullable": true,
						"Length": 128,
						"Properties": {
							"HIVE_TYPE_STRING": "string"
						}
					}
				},
				{
					"Name": "ListedSecuritySymbol",
					"Description": "The security symbol of the Vendor, if any.",
					"BaseAttributeReference": {
						"Entity": "Vendor.cdm.json/Vendor",
						"Name": "ListedSecuritySymbol"
					},
					"OriginDataTypeName": {
						"TypeName": "string",
						"IsComplexType": false,
						"IsNullable": true,
						"Length": 8,
						"Properties": {
							"HIVE_TYPE_STRING": "string"
						}
					}
				},
				{
					"Name": "BankruptcyIndicator",
					"Description": "Indicates that bankruptcy proceeding exist for the Vendor customer, which is a proceeding under the U.S. Bankruptcy Code, in which either a debtor files a bankruptcy petition and voluntarily seeks protection from creditors, or creditors file a bankruptcy petition against a debtor to force the debtor to pay debts owed to them.",
					"BaseAttributeReference": {
						"Entity": "Vendor.cdm.json/Vendor",
						"Name": "BankruptcyIndicator"
					},
					"OriginDataTypeName": {
						"TypeName": "boolean",
						"IsComplexType": false,
						"IsNullable": true,
						"Properties": {
							"HIVE_TYPE_STRING": "boolean"
						}
					}
				},
				{
					"Name": "SmallBusinessIndicator",
					"Description": "Indicates that business is a small business by SBA guidelines.",
					"BaseAttributeReference": {
						"Entity": "Vendor.cdm.json/Vendor",
						"Name": "SmallBusinessIndicator"
					},
					"OriginDataTypeName": {
						"TypeName": "boolean",
						"IsComplexType": false,
						"IsNullable": true,
						"Properties": {
							"HIVE_TYPE_STRING": "boolean"
						}
					}
				},
				{
					"Name": "ManufacturingIndicator",
					"Description": "Notes manufacturing operations occur at site.",
					"BaseAttributeReference": {
						"Entity": "Vendor.cdm.json/Vendor",
						"Name": "ManufacturingIndicator"
					},
					"OriginDataTypeName": {
						"TypeName": "boolean",
						"IsComplexType": false,
						"IsNullable": true,
						"Properties": {
							"HIVE_TYPE_STRING": "boolean"
						}
					}
				},
				{
					"Name": "ForeignOwnedIndicator",
					"Description": "Identifies companies with parent outside of the U.S.",
					"BaseAttributeReference": {
						"Entity": "Vendor.cdm.json/Vendor",
						"Name": "ForeignOwnedIndicator"
					},
					"OriginDataTypeName": {
						"TypeName": "boolean",
						"IsComplexType": false,
						"IsNullable": true,
						"Properties": {
							"HIVE_TYPE_STRING": "boolean"
						}
					}
				},
				{
					"Name": "DunsNumber",
					"Description": "The DUNS number is a nine-digit number issued by Dun & Bradstreet and assigned to each business location in the D&B database having a unique, separate, and distinct operation to businesses for the purpose of identifying them. The number as issued is random and the digits apparently have no significance as to their issuance.",
					"BaseAttributeReference": {
						"Entity": "Vendor.cdm.json/Vendor",
						"Name": "DunsNumber"
					},
					"OriginDataTypeName": {
						"TypeName": "decimal",
						"IsComplexType": false,
						"IsNullable": true,
						"Precision": 9,
						"Scale": 0,
						"Properties": {
							"HIVE_TYPE_STRING": "decimal"
						}
					}
				},
				{
					"Name": "DunBradstreetSingleLocationSubsidiary",
					"Description": "There are eight (8) types of business relationships defined in D&B WorldBase:\n\nSingle Location Subsidiary\n\nA single location subsidiary has reporting responsibilities to its parent; however, it does not have branches or subsidiaries reporting to it. Do not confuse this with a stand-alone business which is titled \"single location\" and is not part of a corporate family.\n\nHeadquarters\n\nA headquarters is a business establishment that has branches or divisions reporting to it, and is financially responsible for those branches or divisions. If the headquarters is more that 50% owned by another corporation, it also will be a subsidiary. If it owns more that 50% of another corporation, then it is also a parent.\n\nBranch\n\nA branch is a secondary location of its headquarters. It has no legal responsibility for its debts, even though bills may be paid from the branch location. It will have the same legal business name as its headquarters, although branches frequently operate under a different trade style than the headquarters establishment. A branch may be located at the same address as the headquarters if it has a unique trade style. In such cases, the branch may appear to be a duplicate with a different D-U-N-S number than the headquarters record, which may confuse customers if they don't purchase the trade style field.\n\nDivision\n\nA division, like a branch, is a secondary location of a business. However, a division carries out specific business operations related to the headquarters under a divisional name. Divisions look similar to branches in D&B WorldBase and carry a branch code.\n\nSubsidiary\n\nA subsidiary is a corporation that is more than 50% owned by another corporation and will have a different legal business name from its parent company. A subsidiary may have branches and/or subsidiaries of its own. If it does, then its D-U-N-S Number appears in the headquarter/parent D-U-N-S Number field of its children.\n\nParent\n\nA parent is a corporation that owns more than 50 percent of another corporation. The parent company also may be a subsidiary of another corporation. If the parent also has branches, then it is also a headquarters.\n\nDomestic Ultimate\n\nThe Domestic Ultimate is a subsidiary within the global family tree which is the highest ranking member within a specific country.\n\nGlobal Ultimate\n\nThe Global Ultimate is the top most responsible entity within the global family tree. The Global Ultimate may have branches and/or subsidiaries reporting directly or indirectly to it.",
					"BaseAttributeReference": {
						"Entity": "Vendor.cdm.json/Vendor",
						"Name": "DunBradstreetSingleLocationSubsidiary"
					},
					"OriginDataTypeName": {
						"TypeName": "boolean",
						"IsComplexType": false,
						"IsNullable": true,
						"Properties": {
							"HIVE_TYPE_STRING": "boolean"
						}
					}
				},
				{
					"Name": "DunBradstreetHeadquarters",
					"Description": "There are eight (8) types of business relationships defined in D&B WorldBase:\n\nSingle Location Subsidiary\n\nA single location subsidiary has reporting responsibilities to its parent; however, it does not have branches or subsidiaries reporting to it. Do not confuse this with a stand-alone business which is titled \"single location\" and is not part of a corporate family.\n\nHeadquarters\n\nA headquarters is a business establishment that has branches or divisions reporting to it, and is financially responsible for those branches or divisions. If the headquarters is more that 50% owned by another corporation, it also will be a subsidiary. If it owns more that 50% of another corporation, then it is also a parent.\n\nBranch\n\nA branch is a secondary location of its headquarters. It has no legal responsibility for its debts, even though bills may be paid from the branch location. It will have the same legal business name as its headquarters, although branches frequently operate under a different trade style than the headquarters establishment. A branch may be located at the same address as the headquarters if it has a unique trade style. In such cases, the branch may appear to be a duplicate with a different D-U-N-S number than the headquarters record, which may confuse customers if they don't purchase the trade style field.\n\nDivision\n\nA division, like a branch, is a secondary location of a business. However, a division carries out specific business operations related to the headquarters under a divisional name. Divisions look similar to branches in D&B WorldBase and carry a branch code.\n\nSubsidiary\n\nA subsidiary is a corporation that is more than 50% owned by another corporation and will have a different legal business name from its parent company. A subsidiary may have branches and/or subsidiaries of its own. If it does, then its D-U-N-S Number appears in the headquarter/parent D-U-N-S Number field of its children.\n\nParent\n\nA parent is a corporation that owns more than 50 percent of another corporation. The parent company also may be a subsidiary of another corporation. If the parent also has branches, then it is also a headquarters.\n\nDomestic Ultimate\n\nThe Domestic Ultimate is a subsidiary within the global family tree which is the highest ranking member within a specific country.\n\nGlobal Ultimate\n\nThe Global Ultimate is the top most responsible entity within the global family tree. The Global Ultimate may have branches and/or subsidiaries reporting directly or indirectly to it.",
					"BaseAttributeReference": {
						"Entity": "Vendor.cdm.json/Vendor",
						"Name": "DunBradstreetHeadquarters"
					},
					"OriginDataTypeName": {
						"TypeName": "boolean",
						"IsComplexType": false,
						"IsNullable": true,
						"Properties": {
							"HIVE_TYPE_STRING": "boolean"
						}
					}
				},
				{
					"Name": "DunBradstreetBranch",
					"Description": "There are eight (8) types of business relationships defined in D&B WorldBase:\n\nSingle Location Subsidiary\n\nA single location subsidiary has reporting responsibilities to its parent; however, it does not have branches or subsidiaries reporting to it. Do not confuse this with a stand-alone business which is titled \"single location\" and is not part of a corporate family.\n\nHeadquarters\n\nA headquarters is a business establishment that has branches or divisions reporting to it, and is financially responsible for those branches or divisions. If the headquarters is more that 50% owned by another corporation, it also will be a subsidiary. If it owns more that 50% of another corporation, then it is also a parent.\n\nBranch\n\nA branch is a secondary location of its headquarters. It has no legal responsibility for its debts, even though bills may be paid from the branch location. It will have the same legal business name as its headquarters, although branches frequently operate under a different trade style than the headquarters establishment. A branch may be located at the same address as the headquarters if it has a unique trade style. In such cases, the branch may appear to be a duplicate with a different D-U-N-S number than the headquarters record, which may confuse customers if they don't purchase the trade style field.\n\nDivision\n\nA division, like a branch, is a secondary location of a business. However, a division carries out specific business operations related to the headquarters under a divisional name. Divisions look similar to branches in D&B WorldBase and carry a branch code.\n\nSubsidiary\n\nA subsidiary is a corporation that is more than 50% owned by another corporation and will have a different legal business name from its parent company. A subsidiary may have branches and/or subsidiaries of its own. If it does, then its D-U-N-S Number appears in the headquarter/parent D-U-N-S Number field of its children.\n\nParent\n\nA parent is a corporation that owns more than 50 percent of another corporation. The parent company also may be a subsidiary of another corporation. If the parent also has branches, then it is also a headquarters.\n\nDomestic Ultimate\n\nThe Domestic Ultimate is a subsidiary within the global family tree which is the highest ranking member within a specific country.\n\nGlobal Ultimate\n\nThe Global Ultimate is the top most responsible entity within the global family tree. The Global Ultimate may have branches and/or subsidiaries reporting directly or indirectly to it.",
					"BaseAttributeReference": {
						"Entity": "Vendor.cdm.json/Vendor",
						"Name": "DunBradstreetBranch"
					},
					"OriginDataTypeName": {
						"TypeName": "boolean",
						"IsComplexType": false,
						"IsNullable": true,
						"Properties": {
							"HIVE_TYPE_STRING": "boolean"
						}
					}
				},
				{
					"Name": "DunBradstreetDivision",
					"Description": "There are eight (8) types of business relationships defined in D&B WorldBase:\n\nSingle Location Subsidiary\n\nA single location subsidiary has reporting responsibilities to its parent; however, it does not have branches or subsidiaries reporting to it. Do not confuse this with a stand-alone business which is titled \"single location\" and is not part of a corporate family.\n\nHeadquarters\n\nA headquarters is a business establishment that has branches or divisions reporting to it, and is financially responsible for those branches or divisions. If the headquarters is more that 50% owned by another corporation, it also will be a subsidiary. If it owns more that 50% of another corporation, then it is also a parent.\n\nBranch\n\nA branch is a secondary location of its headquarters. It has no legal responsibility for its debts, even though bills may be paid from the branch location. It will have the same legal business name as its headquarters, although branches frequently operate under a different trade style than the headquarters establishment. A branch may be located at the same address as the headquarters if it has a unique trade style. In such cases, the branch may appear to be a duplicate with a different D-U-N-S number than the headquarters record, which may confuse customers if they don't purchase the trade style field.\n\nDivision\n\nA division, like a branch, is a secondary location of a business. However, a division carries out specific business operations related to the headquarters under a divisional name. Divisions look similar to branches in D&B WorldBase and carry a branch code.\n\nSubsidiary\n\nA subsidiary is a corporation that is more than 50% owned by another corporation and will have a different legal business name from its parent company. A subsidiary may have branches and/or subsidiaries of its own. If it does, then its D-U-N-S Number appears in the headquarter/parent D-U-N-S Number field of its children.\n\nParent\n\nA parent is a corporation that owns more than 50 percent of another corporation. The parent company also may be a subsidiary of another corporation. If the parent also has branches, then it is also a headquarters.\n\nDomestic Ultimate\n\nThe Domestic Ultimate is a subsidiary within the global family tree which is the highest ranking member within a specific country.\n\nGlobal Ultimate\n\nThe Global Ultimate is the top most responsible entity within the global family tree. The Global Ultimate may have branches and/or subsidiaries reporting directly or indirectly to it.",
					"BaseAttributeReference": {
						"Entity": "Vendor.cdm.json/Vendor",
						"Name": "DunBradstreetDivision"
					},
					"OriginDataTypeName": {
						"TypeName": "boolean",
						"IsComplexType": false,
						"IsNullable": true,
						"Properties": {
							"HIVE_TYPE_STRING": "boolean"
						}
					}
				},
				{
					"Name": "DunBradstreetSubsidiary",
					"Description": "There are eight (8) types of business relationships defined in D&B WorldBase:\n\nSingle Location Subsidiary\n\nA single location subsidiary has reporting responsibilities to its parent; however, it does not have branches or subsidiaries reporting to it. Do not confuse this with a stand-alone business which is titled \"single location\" and is not part of a corporate family.\n\nHeadquarters\n\nA headquarters is a business establishment that has branches or divisions reporting to it, and is financially responsible for those branches or divisions. If the headquarters is more that 50% owned by another corporation, it also will be a subsidiary. If it owns more that 50% of another corporation, then it is also a parent.\n\nBranch\n\nA branch is a secondary location of its headquarters. It has no legal responsibility for its debts, even though bills may be paid from the branch location. It will have the same legal business name as its headquarters, although branches frequently operate under a different trade style than the headquarters establishment. A branch may be located at the same address as the headquarters if it has a unique trade style. In such cases, the branch may appear to be a duplicate with a different D-U-N-S number than the headquarters record, which may confuse customers if they don't purchase the trade style field.\n\nDivision\n\nA division, like a branch, is a secondary location of a business. However, a division carries out specific business operations related to the headquarters under a divisional name. Divisions look similar to branches in D&B WorldBase and carry a branch code.\n\nSubsidiary\n\nA subsidiary is a corporation that is more than 50% owned by another corporation and will have a different legal business name from its parent company. A subsidiary may have branches and/or subsidiaries of its own. If it does, then its D-U-N-S Number appears in the headquarter/parent D-U-N-S Number field of its children.\n\nParent\n\nA parent is a corporation that owns more than 50 percent of another corporation. The parent company also may be a subsidiary of another corporation. If the parent also has branches, then it is also a headquarters.\n\nDomestic Ultimate\n\nThe Domestic Ultimate is a subsidiary within the global family tree which is the highest ranking member within a specific country.\n\nGlobal Ultimate\n\nThe Global Ultimate is the top most responsible entity within the global family tree. The Global Ultimate may have branches and/or subsidiaries reporting directly or indirectly to it.",
					"BaseAttributeReference": {
						"Entity": "Vendor.cdm.json/Vendor",
						"Name": "DunBradstreetSubsidiary"
					},
					"OriginDataTypeName": {
						"TypeName": "boolean",
						"IsComplexType": false,
						"IsNullable": true,
						"Properties": {
							"HIVE_TYPE_STRING": "boolean"
						}
					}
				},
				{
					"Name": "DunBradstreetParent",
					"Description": "There are eight (8) types of business relationships defined in D&B WorldBase:\n\nSingle Location Subsidiary\n\nA single location subsidiary has reporting responsibilities to its parent; however, it does not have branches or subsidiaries reporting to it. Do not confuse this with a stand-alone business which is titled \"single location\" and is not part of a corporate family.\n\nHeadquarters\n\nA headquarters is a business establishment that has branches or divisions reporting to it, and is financially responsible for those branches or divisions. If the headquarters is more that 50% owned by another corporation, it also will be a subsidiary. If it owns more that 50% of another corporation, then it is also a parent.\n\nBranch\n\nA branch is a secondary location of its headquarters. It has no legal responsibility for its debts, even though bills may be paid from the branch location. It will have the same legal business name as its headquarters, although branches frequently operate under a different trade style than the headquarters establishment. A branch may be located at the same address as the headquarters if it has a unique trade style. In such cases, the branch may appear to be a duplicate with a different D-U-N-S number than the headquarters record, which may confuse customers if they don't purchase the trade style field.\n\nDivision\n\nA division, like a branch, is a secondary location of a business. However, a division carries out specific business operations related to the headquarters under a divisional name. Divisions look similar to branches in D&B WorldBase and carry a branch code.\n\nSubsidiary\n\nA subsidiary is a corporation that is more than 50% owned by another corporation and will have a different legal business name from its parent company. A subsidiary may have branches and/or subsidiaries of its own. If it does, then its D-U-N-S Number appears in the headquarter/parent D-U-N-S Number field of its children.\n\nParent\n\nA parent is a corporation that owns more than 50 percent of another corporation. The parent company also may be a subsidiary of another corporation. If the parent also has branches, then it is also a headquarters.\n\nDomestic Ultimate\n\nThe Domestic Ultimate is a subsidiary within the global family tree which is the highest ranking member within a specific country.\n\nGlobal Ultimate\n\nThe Global Ultimate is the top most responsible entity within the global family tree. The Global Ultimate may have branches and/or subsidiaries reporting directly or indirectly to it.",
					"BaseAttributeReference": {
						"Entity": "Vendor.cdm.json/Vendor",
						"Name": "DunBradstreetParent"
					},
					"OriginDataTypeName": {
						"TypeName": "boolean",
						"IsComplexType": false,
						"IsNullable": true,
						"Properties": {
							"HIVE_TYPE_STRING": "boolean"
						}
					}
				},
				{
					"Name": "DunBradstreetUltimate",
					"Description": "There are eight (8) types of business relationships defined in D&B WorldBase:\n\nSingle Location Subsidiary\n\nA single location subsidiary has reporting responsibilities to its parent; however, it does not have branches or subsidiaries reporting to it. Do not confuse this with a stand-alone business which is titled \"single location\" and is not part of a corporate family.\n\nHeadquarters\n\nA headquarters is a business establishment that has branches or divisions reporting to it, and is financially responsible for those branches or divisions. If the headquarters is more that 50% owned by another corporation, it also will be a subsidiary. If it owns more that 50% of another corporation, then it is also a parent.\n\nBranch\n\nA branch is a secondary location of its headquarters. It has no legal responsibility for its debts, even though bills may be paid from the branch location. It will have the same legal business name as its headquarters, although branches frequently operate under a different trade style than the headquarters establishment. A branch may be located at the same address as the headquarters if it has a unique trade style. In such cases, the branch may appear to be a duplicate with a different D-U-N-S number than the headquarters record, which may confuse customers if they don't purchase the trade style field.\n\nDivision\n\nA division, like a branch, is a secondary location of a business. However, a division carries out specific business operations related to the headquarters under a divisional name. Divisions look similar to branches in D&B WorldBase and carry a branch code.\n\nSubsidiary\n\nA subsidiary is a corporation that is more than 50% owned by another corporation and will have a different legal business name from its parent company. A subsidiary may have branches and/or subsidiaries of its own. If it does, then its D-U-N-S Number appears in the headquarter/parent D-U-N-S Number field of its children.\n\nParent\n\nA parent is a corporation that owns more than 50 percent of another corporation. The parent company also may be a subsidiary of another corporation. If the parent also has branches, then it is also a headquarters.\n\nDomestic Ultimate\n\nThe Domestic Ultimate is a subsidiary within the global family tree which is the highest ranking member within a specific country.\n\nGlobal Ultimate\n\nThe Global Ultimate is the top most responsible entity within the global family tree. The Global Ultimate may have branches and/or subsidiaries reporting directly or indirectly to it.",
					"BaseAttributeReference": {
						"Entity": "Vendor.cdm.json/Vendor",
						"Name": "DunBradstreetUltimate"
					},
					"OriginDataTypeName": {
						"TypeName": "boolean",
						"IsComplexType": false,
						"IsNullable": true,
						"Properties": {
							"HIVE_TYPE_STRING": "boolean"
						}
					}
				},
				{
					"Name": "DunBradstreetGlobalUltimate",
					"Description": "There are eight (8) types of business relationships defined in D&B WorldBase:\n\nSingle Location Subsidiary\n\nA single location subsidiary has reporting responsibilities to its parent; however, it does not have branches or subsidiaries reporting to it. Do not confuse this with a stand-alone business which is titled \"single location\" and is not part of a corporate family.\n\nHeadquarters\n\nA headquarters is a business establishment that has branches or divisions reporting to it, and is financially responsible for those branches or divisions. If the headquarters is more that 50% owned by another corporation, it also will be a subsidiary. If it owns more that 50% of another corporation, then it is also a parent.\n\nBranch\n\nA branch is a secondary location of its headquarters. It has no legal responsibility for its debts, even though bills may be paid from the branch location. It will have the same legal business name as its headquarters, although branches frequently operate under a different trade style than the headquarters establishment. A branch may be located at the same address as the headquarters if it has a unique trade style. In such cases, the branch may appear to be a duplicate with a different D-U-N-S number than the headquarters record, which may confuse customers if they don't purchase the trade style field.\n\nDivision\n\nA division, like a branch, is a secondary location of a business. However, a division carries out specific business operations related to the headquarters under a divisional name. Divisions look similar to branches in D&B WorldBase and carry a branch code.\n\nSubsidiary\n\nA subsidiary is a corporation that is more than 50% owned by another corporation and will have a different legal business name from its parent company. A subsidiary may have branches and/or subsidiaries of its own. If it does, then its D-U-N-S Number appears in the headquarter/parent D-U-N-S Number field of its children.\n\nParent\n\nA parent is a corporation that owns more than 50 percent of another corporation. The parent company also may be a subsidiary of another corporation. If the parent also has branches, then it is also a headquarters.\n\nDomestic Ultimate\n\nThe Domestic Ultimate is a subsidiary within the global family tree which is the highest ranking member within a specific country.\n\nGlobal Ultimate\n\nThe Global Ultimate is the top most responsible entity within the global family tree. The Global Ultimate may have branches and/or subsidiaries reporting directly or indirectly to it.",
					"BaseAttributeReference": {
						"Entity": "Vendor.cdm.json/Vendor",
						"Name": "DunBradstreetGlobalUltimate"
					},
					"OriginDataTypeName": {
						"TypeName": "boolean",
						"IsComplexType": false,
						"IsNullable": true,
						"Properties": {
							"HIVE_TYPE_STRING": "boolean"
						}
					}
				},
				{
					"Name": "LegalEntityFormId",
					"Description": "The unique identifier of the Legal Entity Form.",
					"BaseAttributeReference": {
						"Entity": "Vendor.cdm.json/Vendor",
						"Name": "LegalEntityFormId"
					},
					"OriginDataTypeName": {
						"TypeName": "integer",
						"IsComplexType": false,
						"IsNullable": true,
						"Properties": {
							"HIVE_TYPE_STRING": "integer"
						}
					}
				},
				{
					"Name": "ResponsibilityCenterId",
					"Description": "The unique identifier of a Responsibility Center.",
					"BaseAttributeReference": {
						"Entity": "Vendor.cdm.json/Vendor",
						"Name": "ResponsibilityCenterId"
					},
					"OriginDataTypeName": {
						"TypeName": "integer",
						"IsComplexType": false,
						"IsNullable": true,
						"Properties": {
							"HIVE_TYPE_STRING": "integer"
						}
					}
				},
				{
					"Name": "LedgerId",
					"Description": "The unique identifier of a Ledger.",
					"BaseAttributeReference": {
						"Entity": "Vendor.cdm.json/Vendor",
						"Name": "LedgerId"
					},
					"OriginDataTypeName": {
						"TypeName": "integer",
						"IsComplexType": false,
						"IsNullable": true,
						"Properties": {
							"HIVE_TYPE_STRING": "integer"
						}
					}
				},
				{
					"Name": "LedgerAccountNumber",
					"Description": "The unique identifier of a Ledger Account.",
					"BaseAttributeReference": {
						"Entity": "Vendor.cdm.json/Vendor",
						"Name": "LedgerAccountNumber"
					},
					"OriginDataTypeName": {
						"TypeName": "string",
						"IsComplexType": false,
						"IsNullable": true,
						"Length": 16,
						"Properties": {
							"HIVE_TYPE_STRING": "string"
						}
					}
				},
				{
					"Name": "NaicsNationalIndustryCode",
					"Description": "The unique identifier of a NAICS National Industry Code.",
					"BaseAttributeReference": {
						"Entity": "Vendor.cdm.json/Vendor",
						"Name": "NaicsNationalIndustryCode"
					},
					"OriginDataTypeName": {
						"TypeName": "decimal",
						"IsComplexType": false,
						"IsNullable": true,
						"Precision": 6,
						"Scale": 0,
						"Properties": {
							"HIVE_TYPE_STRING": "decimal"
						}
					}
				},
				{
					"Name": "SicIndustryCode",
					"Description": "The unique identifier of the SIC Industry.",
					"BaseAttributeReference": {
						"Entity": "Vendor.cdm.json/Vendor",
						"Name": "SicIndustryCode"
					},
					"OriginDataTypeName": {
						"TypeName": "decimal",
						"IsComplexType": false,
						"IsNullable": true,
						"Precision": 4,
						"Scale": 0,
						"Properties": {
							"HIVE_TYPE_STRING": "decimal"
						}
					}
				},
				{
					"Name": "AnzsicClassCode",
					"Description": "The unique identifier of an ANZSIC Class.",
					"BaseAttributeReference": {
						"Entity": "Vendor.cdm.json/Vendor",
						"Name": "AnzsicClassCode"
					},
					"OriginDataTypeName": {
						"TypeName": "decimal",
						"IsComplexType": false,
						"IsNullable": true,
						"Precision": 4,
						"Scale": 0,
						"Properties": {
							"HIVE_TYPE_STRING": "decimal"
						}
					}
				},
				{
					"Name": "IsoCurrencyCode",
					"Description": "The ISO 4217 currency code.",
					"BaseAttributeReference": {
						"Entity": "Vendor.cdm.json/Vendor",
						"Name": "IsoCurrencyCode"
					},
					"OriginDataTypeName": {
						"TypeName": "string",
						"IsComplexType": false,
						"IsNullable": true,
						"Length": 3,
						"Properties": {
							"HIVE_TYPE_STRING": "string"
						}
					}
				},
				{
					"Name": "PartyId",
					"Description": "The unique identifier of a Party.",
					"BaseAttributeReference": {
						"Entity": "Vendor.cdm.json/Vendor",
						"Name": "PartyId"
					},
					"OriginDataTypeName": {
						"TypeName": "long",
						"IsComplexType": false,
						"IsNullable": true,
						"Properties": {
							"HIVE_TYPE_STRING": "long"
						}
					}
				}
			],
			"Format": {
				"InputFormat": "org.apache.hadoop.mapred.SequenceFileInputFormat",
				"OutputFormat": "org.apache.hadoop.hive.ql.io.HiveSequenceFileOutputFormat",
				"FormatType": "csv",
				"SerializeLib": "org.apache.hadoop.hive.serde2.lazy.LazySimpleSerDe",
				"Properties": {
					"path": "abfss://filesystem@aamerriladls.dfs.core.windows.net/tcsSource/Vendor",
					"delimiter": ",",
					"firstRowAsHeader": "false",
					"serialization.format": "1",
					"escape": "\\",
					"FormatTypeSetToDatabaseDefault": true,
					"header": "false"
				}
			},
			"Source": {
				"Provider": "ADLS",
				"Location": "abfss://filesystem@aamerriladls.dfs.core.windows.net/tcsSource/Vendor",
				"Properties": {
					"LinkedServiceName": "AzureDataLakeStorage1",
					"LocationSetToDatabaseDefault": true
				}
			},
			"Properties": {
				"textinputformat.record.delimiter": ",",
				"compression": "{\"type\":\"None\",\"level\":\"optimal\"}",
				"derivedModelAttributeInfo": "{\"attributeReferences\":{\"VendorId\":{\"entity\":\"Vendor.cdm.json/Vendor\",\"name\":\"VendorId\"},\"VendorName\":{\"entity\":\"Vendor.cdm.json/Vendor\",\"name\":\"VendorName\"},\"VendorNote\":{\"entity\":\"Vendor.cdm.json/Vendor\",\"name\":\"VendorNote\"},\"VendorTypeId\":{\"entity\":\"Vendor.cdm.json/Vendor\",\"name\":\"VendorTypeId\"},\"VendorDateOfEstablishment\":{\"entity\":\"Vendor.cdm.json/Vendor\",\"name\":\"VendorDateOfEstablishment\"},\"StateOfVendorEstablishment\":{\"entity\":\"Vendor.cdm.json/Vendor\",\"name\":\"StateOfVendorEstablishment\"},\"CountryOfVendorEstablishment\":{\"entity\":\"Vendor.cdm.json/Vendor\",\"name\":\"CountryOfVendorEstablishment\"},\"StateOfVendorResidence\":{\"entity\":\"Vendor.cdm.json/Vendor\",\"name\":\"StateOfVendorResidence\"},\"CountryOfVendorResidence\":{\"entity\":\"Vendor.cdm.json/Vendor\",\"name\":\"CountryOfVendorResidence\"},\"FirstDateOfOperation\":{\"entity\":\"Vendor.cdm.json/Vendor\",\"name\":\"FirstDateOfOperation\"},\"CurrentManagementFirstControlDate\":{\"entity\":\"Vendor.cdm.json/Vendor\",\"name\":\"CurrentManagementFirstControlDate\"},\"StockExchangeName\":{\"entity\":\"Vendor.cdm.json/Vendor\",\"name\":\"StockExchangeName\"},\"ListedSecuritySymbol\":{\"entity\":\"Vendor.cdm.json/Vendor\",\"name\":\"ListedSecuritySymbol\"},\"BankruptcyIndicator\":{\"entity\":\"Vendor.cdm.json/Vendor\",\"name\":\"BankruptcyIndicator\"},\"SmallBusinessIndicator\":{\"entity\":\"Vendor.cdm.json/Vendor\",\"name\":\"SmallBusinessIndicator\"},\"ManufacturingIndicator\":{\"entity\":\"Vendor.cdm.json/Vendor\",\"name\":\"ManufacturingIndicator\"},\"ForeignOwnedIndicator\":{\"entity\":\"Vendor.cdm.json/Vendor\",\"name\":\"ForeignOwnedIndicator\"},\"DunsNumber\":{\"entity\":\"Vendor.cdm.json/Vendor\",\"name\":\"DunsNumber\"},\"DunBradstreetSingleLocationSubsidiary\":{\"entity\":\"Vendor.cdm.json/Vendor\",\"name\":\"DunBradstreetSingleLocationSubsidiary\"},\"DunBradstreetHeadquarters\":{\"entity\":\"Vendor.cdm.json/Vendor\",\"name\":\"DunBradstreetHeadquarters\"},\"DunBradstreetBranch\":{\"entity\":\"Vendor.cdm.json/Vendor\",\"name\":\"DunBradstreetBranch\"},\"DunBradstreetDivision\":{\"entity\":\"Vendor.cdm.json/Vendor\",\"name\":\"DunBradstreetDivision\"},\"DunBradstreetSubsidiary\":{\"entity\":\"Vendor.cdm.json/Vendor\",\"name\":\"DunBradstreetSubsidiary\"},\"DunBradstreetParent\":{\"entity\":\"Vendor.cdm.json/Vendor\",\"name\":\"DunBradstreetParent\"},\"DunBradstreetUltimate\":{\"entity\":\"Vendor.cdm.json/Vendor\",\"name\":\"DunBradstreetUltimate\"},\"DunBradstreetGlobalUltimate\":{\"entity\":\"Vendor.cdm.json/Vendor\",\"name\":\"DunBradstreetGlobalUltimate\"},\"LegalEntityFormId\":{\"entity\":\"Vendor.cdm.json/Vendor\",\"name\":\"LegalEntityFormId\"},\"ResponsibilityCenterId\":{\"entity\":\"Vendor.cdm.json/Vendor\",\"name\":\"ResponsibilityCenterId\"},\"LedgerId\":{\"entity\":\"Vendor.cdm.json/Vendor\",\"name\":\"LedgerId\"},\"LedgerAccountNumber\":{\"entity\":\"Vendor.cdm.json/Vendor\",\"name\":\"LedgerAccountNumber\"},\"NaicsNationalIndustryCode\":{\"entity\":\"Vendor.cdm.json/Vendor\",\"name\":\"NaicsNationalIndustryCode\"},\"SicIndustryCode\":{\"entity\":\"Vendor.cdm.json/Vendor\",\"name\":\"SicIndustryCode\"},\"AnzsicClassCode\":{\"entity\":\"Vendor.cdm.json/Vendor\",\"name\":\"AnzsicClassCode\"},\"IsoCurrencyCode\":{\"entity\":\"Vendor.cdm.json/Vendor\",\"name\":\"IsoCurrencyCode\"},\"PartyId\":{\"entity\":\"Vendor.cdm.json/Vendor\",\"name\":\"PartyId\"}}}"
			},
			"Compressed": false,
			"IsStoredAsSubdirectories": false
		},
		"Properties": {
			"DerivedModelEntityInfo": "{\"entityDirectives\":{\"baseEntityReference\":{\"name\":\"Vendor\",\"path\":\"Vendor.cdm.json/Vendor\"},\"description\":\"A supplier of products, goods or services.\",\"primaryKey\":[\"VendorId\"],\"projectionInfo\":{\"attributes\":[{\"type\":\"Existing\",\"name\":\"VendorId\",\"attributeReference\":{\"entity\":\"Vendor.cdm.json/Vendor\",\"name\":\"VendorId\"},\"dataType\":\"long\"},{\"type\":\"Existing\",\"name\":\"VendorName\",\"attributeReference\":{\"entity\":\"Vendor.cdm.json/Vendor\",\"name\":\"VendorName\"},\"dataType\":\"string\",\"dataTypeLength\":128},{\"type\":\"Existing\",\"name\":\"VendorNote\",\"attributeReference\":{\"entity\":\"Vendor.cdm.json/Vendor\",\"name\":\"VendorNote\"},\"dataType\":\"string\",\"dataTypeLength\":1024},{\"type\":\"Existing\",\"name\":\"VendorTypeId\",\"attributeReference\":{\"entity\":\"Vendor.cdm.json/Vendor\",\"name\":\"VendorTypeId\"},\"dataType\":\"integer\"},{\"type\":\"Existing\",\"name\":\"VendorDateOfEstablishment\",\"attributeReference\":{\"entity\":\"Vendor.cdm.json/Vendor\",\"name\":\"VendorDateOfEstablishment\"},\"dataType\":\"date\",\"dateFormat\":\"YYYY-MM-DD\"},{\"type\":\"Existing\",\"name\":\"StateOfVendorEstablishment\",\"attributeReference\":{\"entity\":\"Vendor.cdm.json/Vendor\",\"name\":\"StateOfVendorEstablishment\"},\"dataType\":\"string\",\"dataTypeLength\":64},{\"type\":\"Existing\",\"name\":\"CountryOfVendorEstablishment\",\"attributeReference\":{\"entity\":\"Vendor.cdm.json/Vendor\",\"name\":\"CountryOfVendorEstablishment\"},\"dataType\":\"string\",\"dataTypeLength\":64},{\"type\":\"Existing\",\"name\":\"StateOfVendorResidence\",\"attributeReference\":{\"entity\":\"Vendor.cdm.json/Vendor\",\"name\":\"StateOfVendorResidence\"},\"dataType\":\"string\",\"dataTypeLength\":64},{\"type\":\"Existing\",\"name\":\"CountryOfVendorResidence\",\"attributeReference\":{\"entity\":\"Vendor.cdm.json/Vendor\",\"name\":\"CountryOfVendorResidence\"},\"dataType\":\"string\",\"dataTypeLength\":64},{\"type\":\"Existing\",\"name\":\"FirstDateOfOperation\",\"attributeReference\":{\"entity\":\"Vendor.cdm.json/Vendor\",\"name\":\"FirstDateOfOperation\"},\"dataType\":\"date\",\"dateFormat\":\"YYYY-MM-DD\"},{\"type\":\"Existing\",\"name\":\"CurrentManagementFirstControlDate\",\"attributeReference\":{\"entity\":\"Vendor.cdm.json/Vendor\",\"name\":\"CurrentManagementFirstControlDate\"},\"dataType\":\"date\",\"dateFormat\":\"YYYY-MM-DD\"},{\"type\":\"Existing\",\"name\":\"StockExchangeName\",\"attributeReference\":{\"entity\":\"Vendor.cdm.json/Vendor\",\"name\":\"StockExchangeName\"},\"dataType\":\"string\",\"dataTypeLength\":128},{\"type\":\"Existing\",\"name\":\"ListedSecuritySymbol\",\"attributeReference\":{\"entity\":\"Vendor.cdm.json/Vendor\",\"name\":\"ListedSecuritySymbol\"},\"dataType\":\"string\",\"dataTypeLength\":8},{\"type\":\"Existing\",\"name\":\"BankruptcyIndicator\",\"attributeReference\":{\"entity\":\"Vendor.cdm.json/Vendor\",\"name\":\"BankruptcyIndicator\"},\"dataType\":\"boolean\"},{\"type\":\"Existing\",\"name\":\"SmallBusinessIndicator\",\"attributeReference\":{\"entity\":\"Vendor.cdm.json/Vendor\",\"name\":\"SmallBusinessIndicator\"},\"dataType\":\"boolean\"},{\"type\":\"Existing\",\"name\":\"ManufacturingIndicator\",\"attributeReference\":{\"entity\":\"Vendor.cdm.json/Vendor\",\"name\":\"ManufacturingIndicator\"},\"dataType\":\"boolean\"},{\"type\":\"Existing\",\"name\":\"ForeignOwnedIndicator\",\"attributeReference\":{\"entity\":\"Vendor.cdm.json/Vendor\",\"name\":\"ForeignOwnedIndicator\"},\"dataType\":\"boolean\"},{\"type\":\"Existing\",\"name\":\"DunsNumber\",\"attributeReference\":{\"entity\":\"Vendor.cdm.json/Vendor\",\"name\":\"DunsNumber\"},\"dataType\":\"decimal\",\"dataTypeLength\":9,\"scale\":0},{\"type\":\"Existing\",\"name\":\"DunBradstreetSingleLocationSubsidiary\",\"attributeReference\":{\"entity\":\"Vendor.cdm.json/Vendor\",\"name\":\"DunBradstreetSingleLocationSubsidiary\"},\"dataType\":\"boolean\"},{\"type\":\"Existing\",\"name\":\"DunBradstreetHeadquarters\",\"attributeReference\":{\"entity\":\"Vendor.cdm.json/Vendor\",\"name\":\"DunBradstreetHeadquarters\"},\"dataType\":\"boolean\"},{\"type\":\"Existing\",\"name\":\"DunBradstreetBranch\",\"attributeReference\":{\"entity\":\"Vendor.cdm.json/Vendor\",\"name\":\"DunBradstreetBranch\"},\"dataType\":\"boolean\"},{\"type\":\"Existing\",\"name\":\"DunBradstreetDivision\",\"attributeReference\":{\"entity\":\"Vendor.cdm.json/Vendor\",\"name\":\"DunBradstreetDivision\"},\"dataType\":\"boolean\"},{\"type\":\"Existing\",\"name\":\"DunBradstreetSubsidiary\",\"attributeReference\":{\"entity\":\"Vendor.cdm.json/Vendor\",\"name\":\"DunBradstreetSubsidiary\"},\"dataType\":\"boolean\"},{\"type\":\"Existing\",\"name\":\"DunBradstreetParent\",\"attributeReference\":{\"entity\":\"Vendor.cdm.json/Vendor\",\"name\":\"DunBradstreetParent\"},\"dataType\":\"boolean\"},{\"type\":\"Existing\",\"name\":\"DunBradstreetUltimate\",\"attributeReference\":{\"entity\":\"Vendor.cdm.json/Vendor\",\"name\":\"DunBradstreetUltimate\"},\"dataType\":\"boolean\"},{\"type\":\"Existing\",\"name\":\"DunBradstreetGlobalUltimate\",\"attributeReference\":{\"entity\":\"Vendor.cdm.json/Vendor\",\"name\":\"DunBradstreetGlobalUltimate\"},\"dataType\":\"boolean\"},{\"type\":\"Existing\",\"name\":\"LegalEntityFormId\",\"attributeReference\":{\"entity\":\"Vendor.cdm.json/Vendor\",\"name\":\"LegalEntityFormId\"},\"dataType\":\"integer\"},{\"type\":\"Existing\",\"name\":\"ResponsibilityCenterId\",\"attributeReference\":{\"entity\":\"Vendor.cdm.json/Vendor\",\"name\":\"ResponsibilityCenterId\"},\"dataType\":\"integer\"},{\"type\":\"Existing\",\"name\":\"LedgerId\",\"attributeReference\":{\"entity\":\"Vendor.cdm.json/Vendor\",\"name\":\"LedgerId\"},\"dataType\":\"integer\"},{\"type\":\"Existing\",\"name\":\"LedgerAccountNumber\",\"attributeReference\":{\"entity\":\"Vendor.cdm.json/Vendor\",\"name\":\"LedgerAccountNumber\"},\"dataType\":\"string\",\"dataTypeLength\":16},{\"type\":\"Existing\",\"name\":\"NaicsNationalIndustryCode\",\"attributeReference\":{\"entity\":\"Vendor.cdm.json/Vendor\",\"name\":\"NaicsNationalIndustryCode\"},\"dataType\":\"decimal\",\"dataTypeLength\":6,\"scale\":0},{\"type\":\"Existing\",\"name\":\"SicIndustryCode\",\"attributeReference\":{\"entity\":\"Vendor.cdm.json/Vendor\",\"name\":\"SicIndustryCode\"},\"dataType\":\"decimal\",\"dataTypeLength\":4,\"scale\":0},{\"type\":\"Existing\",\"name\":\"AnzsicClassCode\",\"attributeReference\":{\"entity\":\"Vendor.cdm.json/Vendor\",\"name\":\"AnzsicClassCode\"},\"dataType\":\"decimal\",\"dataTypeLength\":4,\"scale\":0},{\"type\":\"Existing\",\"name\":\"IsoCurrencyCode\",\"attributeReference\":{\"entity\":\"Vendor.cdm.json/Vendor\",\"name\":\"IsoCurrencyCode\"},\"dataType\":\"string\",\"dataTypeLength\":3},{\"type\":\"Existing\",\"name\":\"PartyId\",\"attributeReference\":{\"entity\":\"Vendor.cdm.json/Vendor\",\"name\":\"PartyId\"},\"dataType\":\"long\"}]}}}",
			"Description": "A supplier of products, goods or services.",
			"DisplayFolderInfo": "{\"name\":\"Vendor\",\"colorCode\":\"#187A62\"}",
			"PrimaryKeys": "VendorId",
			"spark.sql.sources.provider": "csv"
		},
		"Retention": 0,
		"Temporary": false,
		"IsRewriteEnabled": false
	},
	"type": "TABLE"
}